level,group,condition,exploratory_threshold,n_units,top_k,total_extreme,fair_share,top_k_share,conc_ratio,gini,units_for_50pct
window (subject/recording),development,low,100,38,4,2318,0.10526315789473684,0.1276962899050906,1.213114754098361,0.1350983152445393,16
cell (subject x channel),development,low,100,532,54,11003,0.10150375939849623,0.3509951831318731,3.457952544928824,0.5885792254880591,83
window (subject/recording),development,high,100,38,4,2617,0.10526315789473684,0.11310661062285059,1.0745128009170806,0.05354664843231505,18
cell (subject x channel),development,high,100,532,54,13028,0.10150375939849623,0.2872275099785078,2.8297228760845585,0.49675280079227857,107
window (subject/recording),development,both,100,38,4,4935,0.10526315789473684,0.11995947315096252,1.139614994934144,0.08356529621927145,17
cell (subject x channel),development,both,100,532,54,24031,0.10150375939849623,0.2871707377970122,2.8291635649631575,0.48105603257446594,111
window (subject/recording),test,low,100,10,1,632,0.1,0.11708860759493671,1.1708860759493671,0.1088607594936708,5
cell (subject x channel),test,low,100,140,14,2796,0.1,0.34120171673819744,3.412017167381974,0.5460709176374412,24
window (subject/recording),test,high,100,10,1,667,0.1,0.11094452773613193,1.1094452773613193,0.07631184407796088,5
cell (subject x channel),test,high,100,140,14,3764,0.1,0.2688629117959617,2.688629117959617,0.45715044785182934,30
window (subject/recording),test,both,100,10,1,1299,0.1,0.11393379522709776,1.1393379522709774,0.08706697459584278,5
cell (subject x channel),test,both,100,140,14,6560,0.1,0.2602134146341463,2.602134146341463,0.43134581881533096,33
window (subject/recording),development,low,150,38,4,1684,0.10526315789473684,0.17577197149643706,1.669833729216152,0.30175646955869473,12
cell (subject x channel),development,low,150,532,54,5030,0.10150375939849623,0.5642147117296222,5.558559752595538,0.7253015740145594,44
window (subject/recording),development,high,150,38,4,1975,0.10526315789473684,0.149873417721519,1.4237974683544306,0.19830779480346417,15
cell (subject x channel),development,high,150,532,54,6266,0.10150375939849623,0.42786466645387805,4.215259306545613,0.6236581719219849,70
window (subject/recording),development,both,150,38,4,3659,0.10526315789473684,0.1604263459961738,1.5240502869636512,0.20821766085067805,14
cell (subject x channel),development,both,150,532,54,11296,0.10150375939849623,0.3981055240793201,3.922076644633302,0.5846799851967028,76
window (subject/recording),test,low,150,10,1,454,0.1,0.16299559471365638,1.6299559471365637,0.27709251101321586,4
cell (subject x channel),test,low,150,140,14,1122,0.1,0.5231729055258467,5.231729055258467,0.6735166793990324,13
window (subject/recording),test,high,150,10,1,534,0.1,0.13857677902621723,1.3857677902621723,0.18501872659176022,4
cell (subject x channel),test,high,150,140,14,2166,0.1,0.3674976915974146,3.6749769159741454,0.546774831816383,24
window (subject/recording),test,both,150,10,1,988,0.1,0.14979757085020243,1.4979757085020242,0.21497975708502026,4
cell (subject x channel),test,both,150,140,14,3288,0.1,0.3564476885644769,3.5644768856447686,0.5152068126520681,24
window (subject/recording),development,low,200,38,4,1211,0.10526315789473684,0.2444260941370768,2.3220478943022296,0.41542439914815943,10
cell (subject x channel),development,low,200,532,54,2839,0.10150375939849623,0.6597393448397323,6.499654286198845,0.7943659342085401,32
window (subject/recording),development,high,200,38,4,1424,0.10526315789473684,0.2029494382022472,1.9280196629213484,0.3024098166765228,12
cell (subject x channel),development,high,200,532,54,3722,0.10150375939849623,0.47635679742074155,4.69299659681175,0.681081397744765,59
window (subject/recording),development,both,200,38,4,2635,0.10526315789473684,0.20834914611005692,1.979316888045541,0.29900129831219413,12
cell (subject x channel),development,both,200,532,54,6561,0.10150375939849623,0.4564852918762384,4.497225468114053,0.633285603125326,64
window (subject/recording),test,low,200,10,1,344,0.1,0.21511627906976744,2.1511627906976742,0.44011627906976725,3
cell (subject x channel),test,low,200,140,14,633,0.1,0.6097946287519748,6.097946287519747,0.7256037011961183,8
window (subject/recording),test,high,200,10,1,420,0.1,0.1761904761904762,1.7619047619047619,0.22476190476190472,4
cell (subject x channel),test,high,200,140,14,1519,0.1,0.37129690585911784,3.7129690585911783,0.5896219317219975,22
window (subject/recording),test,both,200,10,1,764,0.1,0.19240837696335078,1.9240837696335078,0.2986910994764398,3
cell (subject x channel),test,both,200,140,14,2152,0.1,0.38661710037174724,3.866171003717472,0.5578066914498141,22
