subject,split,condition,exploratory_threshold,n_windows,n_extreme,pct_extreme
1,train,low,100,74,74,100.0
2,train,low,100,74,37,50.0
3,train,low,100,74,73,98.64864864864865
4,train,low,100,74,74,100.0
6,validation,low,100,74,74,100.0
7,train,low,100,74,44,59.45945945945946
8,validation,low,100,74,42,56.75675675675676
9,train,low,100,74,72,97.29729729729729
10,train,low,100,74,46,62.16216216216216
11,train,low,100,74,48,64.86486486486487
12,train,low,100,74,74,100.0
14,train,low,100,74,74,100.0
15,train,low,100,74,72,97.29729729729729
16,validation,low,100,74,74,100.0
17,train,low,100,74,44,59.45945945945946
18,train,low,100,74,74,100.0
19,train,low,100,74,63,85.13513513513513
21,train,low,100,74,24,32.432432432432435
22,train,low,100,74,74,100.0
23,train,low,100,74,42,56.75675675675676
24,train,low,100,74,65,87.83783783783784
29,train,low,100,74,68,91.89189189189189
30,train,low,100,74,74,100.0
31,train,low,100,74,74,100.0
32,train,low,100,74,70,94.5945945945946
33,train,low,100,74,74,100.0
34,validation,low,100,74,57,77.02702702702703
35,validation,low,100,74,19,25.675675675675677
36,train,low,100,74,73,98.64864864864865
37,train,low,100,74,74,100.0
39,validation,low,100,74,56,75.67567567567568
40,train,low,100,74,74,100.0
42,train,low,100,74,34,45.945945945945944
43,validation,low,100,74,51,68.91891891891892
45,train,low,100,74,69,93.24324324324324
46,train,low,100,74,70,94.5945945945946
47,validation,low,100,74,67,90.54054054054055
48,train,low,100,74,50,67.56756756756756
1,train,high,100,74,74,100.0
2,train,high,100,74,74,100.0
3,train,high,100,74,74,100.0
4,train,high,100,74,74,100.0
6,validation,high,100,74,74,100.0
7,train,high,100,74,59,79.72972972972973
8,validation,high,100,74,74,100.0
9,train,high,100,74,71,95.94594594594595
10,train,high,100,74,74,100.0
11,train,high,100,74,44,59.45945945945946
12,train,high,100,74,74,100.0
14,train,high,100,74,74,100.0
15,train,high,100,74,57,77.02702702702703
16,validation,high,100,74,74,100.0
17,train,high,100,74,52,70.27027027027027
18,train,high,100,74,74,100.0
19,train,high,100,74,72,97.29729729729729
21,train,high,100,74,62,83.78378378378379
22,train,high,100,74,74,100.0
23,train,high,100,74,74,100.0
24,train,high,100,74,73,98.64864864864865
29,train,high,100,74,74,100.0
30,train,high,100,74,74,100.0
31,train,high,100,74,73,98.64864864864865
32,train,high,100,74,68,91.89189189189189
33,train,high,100,74,73,98.64864864864865
34,validation,high,100,74,57,77.02702702702703
35,validation,high,100,74,62,83.78378378378379
36,train,high,100,74,74,100.0
37,train,high,100,74,57,77.02702702702703
39,validation,high,100,74,61,82.43243243243244
40,train,high,100,74,74,100.0
42,train,high,100,74,59,79.72972972972973
43,validation,high,100,74,71,95.94594594594595
45,train,high,100,74,74,100.0
46,train,high,100,74,72,97.29729729729729
47,validation,high,100,74,68,91.89189189189189
48,train,high,100,74,74,100.0
5,test,low,100,74,74,100.0
13,test,low,100,74,74,100.0
20,test,low,100,74,58,78.37837837837837
25,test,low,100,74,37,50.0
26,test,low,100,74,60,81.08108108108108
27,test,low,100,74,69,93.24324324324324
28,test,low,100,74,71,95.94594594594595
38,test,low,100,74,74,100.0
41,test,low,100,74,74,100.0
44,test,low,100,74,41,55.4054054054054
5,test,high,100,74,57,77.02702702702703
13,test,high,100,74,74,100.0
20,test,high,100,74,67,90.54054054054055
25,test,high,100,74,42,56.75675675675676
26,test,high,100,74,73,98.64864864864865
27,test,high,100,74,74,100.0
28,test,high,100,74,74,100.0
38,test,high,100,74,74,100.0
41,test,high,100,74,74,100.0
44,test,high,100,74,58,78.37837837837837
1,train,low,150,74,74,100.0
2,train,low,150,74,14,18.91891891891892
3,train,low,150,74,56,75.67567567567568
4,train,low,150,74,68,91.89189189189189
6,validation,low,150,74,74,100.0
7,train,low,150,74,23,31.08108108108108
8,validation,low,150,74,25,33.78378378378378
9,train,low,150,74,42,56.75675675675676
10,train,low,150,74,13,17.56756756756757
11,train,low,150,74,19,25.675675675675677
12,train,low,150,74,70,94.5945945945946
14,train,low,150,74,72,97.29729729729729
15,train,low,150,74,36,48.648648648648646
16,validation,low,150,74,74,100.0
17,train,low,150,74,19,25.675675675675677
18,train,low,150,74,53,71.62162162162163
19,train,low,150,74,48,64.86486486486487
21,train,low,150,74,11,14.864864864864865
22,train,low,150,74,71,95.94594594594595
23,train,low,150,74,15,20.27027027027027
24,train,low,150,74,21,28.37837837837838
29,train,low,150,74,50,67.56756756756756
30,train,low,150,74,74,100.0
31,train,low,150,74,74,100.0
32,train,low,150,74,66,89.1891891891892
33,train,low,150,74,70,94.5945945945946
34,validation,low,150,74,34,45.945945945945944
35,validation,low,150,74,13,17.56756756756757
36,train,low,150,74,73,98.64864864864865
37,train,low,150,74,70,94.5945945945946
39,validation,low,150,74,25,33.78378378378378
40,train,low,150,74,74,100.0
42,train,low,150,74,13,17.56756756756757
43,validation,low,150,74,32,43.24324324324324
45,train,low,150,74,39,52.7027027027027
46,train,low,150,74,40,54.054054054054056
47,validation,low,150,74,20,27.027027027027028
48,train,low,150,74,19,25.675675675675677
1,train,high,150,74,60,81.08108108108108
2,train,high,150,74,71,95.94594594594595
3,train,high,150,74,45,60.810810810810814
4,train,high,150,74,67,90.54054054054055
6,validation,high,150,74,67,90.54054054054055
7,train,high,150,74,34,45.945945945945944
8,validation,high,150,74,65,87.83783783783784
9,train,high,150,74,28,37.83783783783784
10,train,high,150,74,59,79.72972972972973
11,train,high,150,74,26,35.13513513513514
12,train,high,150,74,65,87.83783783783784
14,train,high,150,74,57,77.02702702702703
15,train,high,150,74,26,35.13513513513514
16,validation,high,150,74,68,91.89189189189189
17,train,high,150,74,12,16.216216216216218
18,train,high,150,74,71,95.94594594594595
19,train,high,150,74,26,35.13513513513514
21,train,high,150,74,43,58.108108108108105
22,train,high,150,74,58,78.37837837837837
23,train,high,150,74,74,100.0
24,train,high,150,74,38,51.351351351351354
29,train,high,150,74,60,81.08108108108108
30,train,high,150,74,74,100.0
31,train,high,150,74,71,95.94594594594595
32,train,high,150,74,50,67.56756756756756
33,train,high,150,74,57,77.02702702702703
34,validation,high,150,74,46,62.16216216216216
35,validation,high,150,74,37,50.0
36,train,high,150,74,73,98.64864864864865
37,train,high,150,74,16,21.62162162162162
39,validation,high,150,74,31,41.891891891891895
40,train,high,150,74,74,100.0
42,train,high,150,74,25,33.78378378378378
43,validation,high,150,74,56,75.67567567567568
45,train,high,150,74,74,100.0
46,train,high,150,74,48,64.86486486486487
47,validation,high,150,74,53,71.62162162162163
48,train,high,150,74,70,94.5945945945946
5,test,low,150,74,55,74.32432432432432
13,test,low,150,74,74,100.0
20,test,low,150,74,7,9.45945945945946
25,test,low,150,74,21,28.37837837837838
26,test,low,150,74,35,47.2972972972973
27,test,low,150,74,44,59.45945945945946
28,test,low,150,74,40,54.054054054054056
38,test,low,150,74,74,100.0
41,test,low,150,74,74,100.0
44,test,low,150,74,30,40.54054054054054
5,test,high,150,74,43,58.108108108108105
13,test,high,150,74,72,97.29729729729729
20,test,high,150,74,30,40.54054054054054
25,test,high,150,74,30,40.54054054054054
26,test,high,150,74,38,51.351351351351354
27,test,high,150,74,74,100.0
28,test,high,150,74,73,98.64864864864865
38,test,high,150,74,74,100.0
41,test,high,150,74,59,79.72972972972973
44,test,high,150,74,41,55.4054054054054
1,train,low,200,74,74,100.0
2,train,low,200,74,6,8.108108108108109
3,train,low,200,74,14,18.91891891891892
4,train,low,200,74,58,78.37837837837837
6,validation,low,200,74,74,100.0
7,train,low,200,74,15,20.27027027027027
8,validation,low,200,74,7,9.45945945945946
9,train,low,200,74,18,24.324324324324323
10,train,low,200,74,4,5.405405405405405
11,train,low,200,74,14,18.91891891891892
12,train,low,200,74,48,64.86486486486487
14,train,low,200,74,60,81.08108108108108
15,train,low,200,74,23,31.08108108108108
16,validation,low,200,74,54,72.97297297297297
17,train,low,200,74,13,17.56756756756757
18,train,low,200,74,35,47.2972972972973
19,train,low,200,74,42,56.75675675675676
21,train,low,200,74,5,6.756756756756757
22,train,low,200,74,52,70.27027027027027
23,train,low,200,74,10,13.513513513513514
24,train,low,200,74,9,12.162162162162161
29,train,low,200,74,32,43.24324324324324
30,train,low,200,74,74,100.0
31,train,low,200,74,71,95.94594594594595
32,train,low,200,74,43,58.108108108108105
33,train,low,200,74,59,79.72972972972973
34,validation,low,200,74,21,28.37837837837838
35,validation,low,200,74,3,4.054054054054054
36,train,low,200,74,45,60.810810810810814
37,train,low,200,74,52,70.27027027027027
39,validation,low,200,74,11,14.864864864864865
40,train,low,200,74,74,100.0
42,train,low,200,74,10,13.513513513513514
43,validation,low,200,74,26,35.13513513513514
45,train,low,200,74,17,22.972972972972972
46,train,low,200,74,15,20.27027027027027
47,validation,low,200,74,12,16.216216216216218
48,train,low,200,74,11,14.864864864864865
1,train,high,200,74,49,66.21621621621621
2,train,high,200,74,62,83.78378378378379
3,train,high,200,74,16,21.62162162162162
4,train,high,200,74,59,79.72972972972973
6,validation,high,200,74,54,72.97297297297297
7,train,high,200,74,28,37.83783783783784
8,validation,high,200,74,40,54.054054054054056
9,train,high,200,74,9,12.162162162162161
10,train,high,200,74,28,37.83783783783784
11,train,high,200,74,20,27.027027027027028
12,train,high,200,74,32,43.24324324324324
14,train,high,200,74,24,32.432432432432435
15,train,high,200,74,9,12.162162162162161
16,validation,high,200,74,50,67.56756756756756
17,train,high,200,74,10,13.513513513513514
18,train,high,200,74,53,71.62162162162163
19,train,high,200,74,6,8.108108108108109
21,train,high,200,74,32,43.24324324324324
22,train,high,200,74,42,56.75675675675676
23,train,high,200,74,74,100.0
24,train,high,200,74,18,24.324324324324323
29,train,high,200,74,35,47.2972972972973
30,train,high,200,74,73,98.64864864864865
31,train,high,200,74,55,74.32432432432432
32,train,high,200,74,39,52.7027027027027
33,train,high,200,74,48,64.86486486486487
34,validation,high,200,74,45,60.810810810810814
35,validation,high,200,74,24,32.432432432432435
36,train,high,200,74,58,78.37837837837837
37,train,high,200,74,11,14.864864864864865
39,validation,high,200,74,17,22.972972972972972
40,train,high,200,74,74,100.0
42,train,high,200,74,9,12.162162162162161
43,validation,high,200,74,41,55.4054054054054
45,train,high,200,74,68,91.89189189189189
46,train,high,200,74,38,51.351351351351354
47,validation,high,200,74,30,40.54054054054054
48,train,high,200,74,44,59.45945945945946
5,test,low,200,74,37,50.0
13,test,low,200,74,72,97.29729729729729
20,test,low,200,74,2,2.7027027027027026
25,test,low,200,74,13,17.56756756756757
26,test,low,200,74,8,10.81081081081081
27,test,low,200,74,35,47.2972972972973
28,test,low,200,74,7,9.45945945945946
38,test,low,200,74,73,98.64864864864865
41,test,low,200,74,74,100.0
44,test,low,200,74,23,31.08108108108108
5,test,high,200,74,33,44.5945945945946
13,test,high,200,74,48,64.86486486486487
20,test,high,200,74,24,32.432432432432435
25,test,high,200,74,24,32.432432432432435
26,test,high,200,74,26,35.13513513513514
27,test,high,200,74,74,100.0
28,test,high,200,74,41,55.4054054054054
38,test,high,200,74,74,100.0
41,test,high,200,74,42,56.75675675675676
44,test,high,200,74,34,45.945945945945944
