channel,pooled_mean,pooled_std,pooled_median,pooled_mad_sigma,inflation_std_over_mad_sigma,energy_share_of_top1pct_samples,gaussian_reference_share,loso_max_rel_change_std,loso_max_rel_change_mad_sigma,most_influential_subject_for_std
AF3,0.0013108635152120132,49.78179384632444,-0.4949924051761627,13.092116453647613,3.802425224567466,0.7279037228201924,0.08449165962104153,0.268537375419537,0.03014884773279229,40
F7,-0.0010477682138064662,42.66959609056689,-0.3048608899116516,14.145308282375336,3.016519346116481,0.7567668288075282,0.08449165962104153,0.09003457820004998,0.019431021794296652,33
F3,-9.987145027114816e-05,69.61245668445214,-0.20083491504192352,9.638217417669296,7.222544757792542,0.9508875741134756,0.08449165962104153,0.47053042469603,0.01823552544104797,18
FC5,-0.0005754347147754799,29.9378968481996,-0.16424459218978882,9.593828536891937,3.1205369924089164,0.8004221289843997,0.08449165962104153,0.20174245917901854,0.023679382121066034,33
T7,-0.019468906427895952,247.29734243739588,0.05091585963964462,8.755197491048277,28.245775459690574,0.9559744323824599,0.08449165962104153,0.6602616678902941,0.020026046740086508,1
P7,0.0009777462682116543,17.649604643196813,0.024281518533825874,7.08998382153511,2.489371638562548,0.7620974473131291,0.08449165962104153,0.18737931529509075,0.01663042040560879,33
O1,-0.0007973657472104908,21.530867885572476,0.043775707483291626,8.960840762275456,2.4027731835405444,0.7614857635527417,0.08449165962104153,0.16924706382283503,0.01542482411181319,33
O2,-0.0006663903308876973,21.511958368361057,0.030243387445807457,10.30766352831982,2.0869868626636836,0.724058619064297,0.08449165962104153,0.10239987842445755,0.013142344114450574,33
P8,0.0005980652947833989,28.721458599680346,0.025822492316365242,10.157151312875747,2.827708056615391,0.7959469051767609,0.08449165962104153,0.182218830888606,0.021145101810125428,22
T8,-0.0011536179902670227,38.77725181965912,0.03492581471800804,12.960381756305694,2.991983766280078,0.8422602049905965,0.08449165962104153,0.3191471442254344,0.013487295981445054,33
FC6,-0.0017115589714747812,34.47225406211532,-0.20132366567850113,13.224288283480703,2.6067379448447743,0.7341683190955547,0.08449165962104153,0.25519559194744107,0.018498066400036955,33
F4,-0.0013117152785453385,32.594347780183305,-0.2278415486216545,11.959325761981308,2.7254335594570662,0.7961352461160697,0.08449165962104153,0.17705187862587365,0.02322069398947949,33
F8,-0.004396301545593709,43.69840215737737,-0.3815730810165405,17.07442068822384,2.559290470540883,0.7193921125399879,0.08449165962104153,0.19416251927425893,0.014139114290967035,33
AF4,-0.0009970771524128743,33.33180620857633,-0.4849238097667694,14.254058998936413,2.338408043004693,0.6819509610527452,0.08449165962104153,0.11438947672768507,0.023042255264531675,32
