note,subject,split,channel,std,mad_sigma,std_over_mad_sigma
FOR HUMAN REVIEW ONLY - not an exclusion list,18,train,F3,365.8960306982225,11.204403384473919,32.65644926754861
FOR HUMAN REVIEW ONLY - not an exclusion list,34,validation,T7,327.63054318548035,11.041498057508468,29.67265324678332
FOR HUMAN REVIEW ONLY - not an exclusion list,1,train,T7,1436.2286202506232,88.98752293810844,16.13966287441816
FOR HUMAN REVIEW ONLY - not an exclusion list,33,train,FC5,113.6971678832813,7.216765460789948,15.754588187882717
FOR HUMAN REVIEW ONLY - not an exclusion list,17,train,AF3,88.25513453294641,6.1794449614048,14.282048806027877
FOR HUMAN REVIEW ONLY - not an exclusion list,33,train,F7,115.78036532124499,8.465814666223526,13.676222535697546
FOR HUMAN REVIEW ONLY - not an exclusion list,33,train,T8,177.05650217916997,13.367970352077483,13.244830555122682
FOR HUMAN REVIEW ONLY - not an exclusion list,15,train,F3,108.90211340066638,9.216237924975156,11.81633051220951
FOR HUMAN REVIEW ONLY - not an exclusion list,33,train,P7,65.00941835938522,5.601724616575241,11.605250669950001
FOR HUMAN REVIEW ONLY - not an exclusion list,33,train,F8,163.34762689226204,14.38465072068572,11.355689482078382
FOR HUMAN REVIEW ONLY - not an exclusion list,33,train,FC6,144.1041355009259,12.912600997808575,11.159961925980841
FOR HUMAN REVIEW ONLY - not an exclusion list,33,train,F4,117.25807577766898,10.555956531371177,11.108237839857571
FOR HUMAN REVIEW ONLY - not an exclusion list,33,train,T7,350.13742995153166,33.72256859493926,10.382881391901941
FOR HUMAN REVIEW ONLY - not an exclusion list,33,train,P8,95.45263775474915,9.446249479579926,10.104818633161265
FOR HUMAN REVIEW ONLY - not an exclusion list,21,train,T7,91.22813134855438,9.214759718370438,9.90021814314735
