group,channel,n_subjects,between_sd_log2_std,between_sd_log2_robust,spread_ratio_std_over_robust,median_std_over_robust,p90_std_over_robust,max_std_over_robust,within_median_abs_log2_ratio_std,within_median_abs_log2_ratio_robust,median_high_over_low_std,median_high_over_low_robust,between_over_within_std,between_over_within_robust
development,AF3,38,0.9637326760410944,0.7512843029570571,1.2827802634073944,1.592403079226124,3.9272927670955893,14.282048806027877,0.4445330937464359,0.31238365721528294,1.0229765495036673,0.9367607564496947,2.1679660965597596,2.4050051454494
development,F7,38,0.8302247666605448,0.541653309378113,1.5327604434167468,1.719226660225773,4.569251907380642,13.676222535697546,0.8124482448310473,0.34343307857788885,1.2518174258774462,1.1325448592533842,1.0218801898368237,1.5771727977428032
development,F3,38,1.2638785707747715,0.40677016098869045,3.107107383940858,1.4724200522988804,6.607995399714275,32.65644926754861,0.6758870197867396,0.2492076643766424,1.1735299513733093,1.0108929365936132,1.8699553827406818,1.6322538153317565
development,FC5,38,0.9175541343557753,0.5252176276516899,1.746997979596131,1.491018510879802,3.111477584191105,15.754588187882717,0.7534041615305667,0.27834253212101945,1.1348666145378186,1.0025985481329924,1.2178777092121873,1.8869470779382456
development,T7,38,1.7438934461433266,0.7471788661874045,2.333970519056317,1.553608297186911,7.9866703142329625,29.67265324678332,0.7507027008029825,0.34389988480225653,1.2583663450770428,1.0214809383235806,2.3230147490850723,2.1726639036736946
development,P7,38,0.8100653677993768,0.35300964681089314,2.294740030810908,1.3300263437409696,2.4382423635808657,11.605250669950001,0.32219556513948133,0.1660529846991125,1.0691056870207172,0.9923021750448456,2.514203966304416,2.125885586763439
development,O1,38,0.8133448504035834,0.38234859125813214,2.127233809668926,1.3563598770850336,2.623352594205286,7.593802263700652,0.5116540885123914,0.26854682454352674,1.134064510858074,1.0159431318228713,1.5896381337796848,1.4237688042226697
development,O2,38,0.7629191716843412,0.3866357763923,1.97322446154141,1.1916563401628215,2.684899176643668,6.782272554465324,0.4053634798400175,0.2596473467268551,1.0922219552457326,1.0712240312938701,1.8820619262135754,1.4890804056589677
development,P8,38,0.9108826562954861,0.4502259436447394,2.023167854170212,1.2066755147245618,2.182324264127375,10.104818633161265,0.413205052925094,0.3358214088717184,1.1105385518349216,1.0190141773231571,2.2044325204818134,1.3406707605610777
development,T8,38,0.8509682351728504,0.3437188207022079,2.475768517517738,1.343666650284597,3.5308048328846793,13.244830555122682,0.6182906304832091,0.40659395786595043,1.3450866701106303,1.2163096847202182,1.3763240023672978,0.8453613588019137
development,FC6,38,0.7756153018117389,0.3789180688920118,2.046920866243468,1.355797077514619,3.0714339229882968,11.159961925980841,0.6609710170750126,0.4284543579432841,1.4266554560318534,1.2662053346910596,1.173448278025957,0.8843837432554961
development,F4,38,0.8338612302971506,0.3991015526701441,2.0893459940666625,1.3255197647222847,3.980686884457931,11.108237839857571,0.4750280220498396,0.2638521967652178,1.0354592777606864,1.0694989071200864,1.7553937696114745,1.512595148204411
development,F8,38,0.7311081768522741,0.3868369722055813,1.88996458297097,1.4596495097165032,2.720317124736974,11.355689482078382,0.8299005165947022,0.5489068548568903,1.530364698315235,1.3566597098251698,0.8809588164280235,0.7047406473115306
development,AF4,38,0.7585391645625063,0.4737017964645464,1.6013010088284056,1.480284533736611,2.718099173906582,6.328934483494404,0.436637091815993,0.3511201499500903,1.0871978189805684,1.10230616319702,1.7372302508880049,1.34911595512784
test,AF3,10,1.0428213180056058,0.4036685076436539,2.5833605997477918,1.9680053125931214,6.5980039606786285,9.602390999252002,0.9854753148721489,0.5602269116927052,0.8870786894690179,1.2066532963619472,1.0581912121673964,0.7205446564928204
test,F7,10,0.760040194147685,0.46517252050377667,1.6338888490759726,3.1605192199549155,4.71768751837494,10.10309820550972,1.2327940138679003,0.5321313821507614,1.8660443697915972,1.4584131848538202,0.6165184009638831,0.8741685533066077
test,F3,10,1.9133792801115874,1.2141799998511642,1.57586130585756,3.3081664909210264,8.518778613921548,11.961300243635828,1.442593772032014,0.40947776684790294,1.1280818755783577,1.0588931642411579,1.326346555216603,2.9651915150308055
test,FC5,10,1.1212133143413354,0.3606715545326672,3.108682401621954,2.148604783962555,7.184183258703322,8.91351111610528,1.2179356737227627,0.5521501311091104,1.3195067774707734,1.10709562771427,0.9205850017630373,0.6532128387041801
test,T7,10,1.5662302020433747,0.38732293308759475,4.0437321631279834,2.789565041795128,15.346960417742942,21.920018884409956,1.638841991034194,0.28441154830466164,2.343650197373451,1.1692047858331522,0.9556932337662415,1.361839684064778
test,P7,10,1.2726435449897457,0.3583549260670698,3.5513493813436723,2.240065551876622,9.666245323982654,18.35055721445062,0.6888142802798402,0.23704353160472463,0.8616494850584977,1.0293906943461306,1.8475858898754496,1.511768423466769
test,O1,10,1.3597049736394093,0.4541047014964799,2.994254340812962,1.6781429446758154,9.259272566363897,13.187961557852901,0.7587818300288934,0.4054383308291537,1.2732531012015014,1.2565372347765795,1.7919577404583258,1.1200339656287543
test,O2,10,1.3225286776456266,0.3033773365623133,4.359352259571245,1.4323429464390987,7.575244399156251,12.588573377876868,0.7253817489710845,0.35877386669908706,1.2833431285889687,1.1810635509980298,1.823217470692588,0.8455948571548656
test,P8,10,1.379896309611541,0.5319815522772945,2.593880001485977,1.4957219939506574,7.134179141850688,7.8330500552034525,0.851227768725898,0.38097447103537196,1.2094542037100244,1.0358451630513517,1.621065900701224,1.3963706041287531
test,T8,10,1.3636522951804892,0.37048779241196944,3.680694271470504,1.4621192002871046,8.041020670633367,13.860838341881399,0.9443848221499426,0.498164110345241,1.4456515834092865,1.290821879888563,1.4439582924215806,0.7437063102663328
test,FC6,10,1.2939273968436302,0.38647135751381423,3.348055093054029,1.9528278955186185,8.220058972420112,12.45084627940933,0.9965800547906695,0.48247135661787965,1.5275114857801562,1.4036656191573158,1.2983677433875778,0.8010244591989364
test,F4,10,1.3683123652604812,0.4896391481220582,2.794532198882483,1.4490113850946558,7.267805099878822,9.876134755465577,1.0453121632493916,0.5412332634837714,1.3201248469551756,1.3310714382205144,1.30899879803085,0.9046730516346762
test,F8,10,1.062380954457589,0.47756883353577495,2.2245609006602094,2.277070556875486,4.455346739135696,6.868761504743981,1.1304175554607907,0.5412343188490494,2.2085672485387,1.465249215175267,0.9398128588197058,0.8823698293030254
test,AF4,10,1.0773549825927504,0.48788109731910306,2.2082326790539635,1.5849113017655756,6.2357685799464875,7.260981019960548,0.6721428503478817,0.38564050534716965,1.1126009391266638,1.3064667524225102,1.6028660901996394,1.2651189139996903
