group,channel,n_subjects,median_std_uv,q25,q75,min,max,max_over_min,p90_over_p10,between_subject_sd_log2
development,AF3,38,23.06984033484337,16.06139180856813,42.55371662415769,9.608546955426148,212.39743290236888,22.105052292263984,4.735367249745002,0.9637326760410944
development,F7,38,27.384075025790708,19.241952746781415,42.31688501820874,12.185165492499289,115.78036532124499,9.501747464366803,4.547054985305043,0.8302247666605448
development,F3,38,15.993484864786604,11.186446499293455,34.93051043844036,6.91295500955088,365.8960306982225,52.92903399381359,7.733594021377832,1.2638785707747715
development,FC5,38,15.070993408361385,10.362413803585763,25.32592011769357,7.128588338188701,113.6971678832813,15.949464675101515,4.494598211432781,0.9175541343557753
development,T7,38,15.299907969788652,8.97254112341028,35.0646133574891,6.251965447254941,1436.2286202506232,229.72433746914422,9.873071964339738,1.7438934461433266
development,P7,38,9.453916292150756,7.451892302466081,14.554343731115424,5.594289926756206,65.00941835938522,11.620673796054096,3.8068518173869226,0.8100653677993768
development,O1,38,12.464758251788606,9.618772115700995,21.361462091046363,6.136721542251936,76.01472071310563,12.386861647499686,3.20756850100605,0.8133448504035834
development,O2,38,12.664471455221737,9.991226569084219,18.592316504484156,7.589057701059208,61.5618678302678,8.111925123678475,3.335008528966252,0.7629191716843412
development,P8,38,13.047943163746593,10.341052041449807,18.271860361958723,6.360285699110892,104.57000042874509,16.44108541277682,3.3482400146456337,0.9108826562954861
development,T8,38,19.03541935802132,15.191116751304056,24.32625659818511,9.683623111915079,177.05650217916997,18.284117435478592,4.2383244522936465,0.8509682351728504
development,FC6,38,20.086287965861462,15.768364731847143,27.587757158969314,8.871229318666899,144.1041355009259,16.243987200026613,3.1335334000736177,0.7756153018117389
development,F4,38,19.44633074508107,14.30794258305211,28.416845722322304,6.030871857977958,117.25807577766898,19.442972515251466,3.829471977681691,0.8338612302971506
development,F8,38,27.52568384235617,20.85723965293453,36.51074410340284,15.473358358381978,163.34762689226204,10.556701596959783,2.878949615791694,0.7311081768522741
development,AF4,38,20.50727938182245,16.697832499246523,35.81029682609831,8.081707657024841,99.88802157831078,12.359766749479657,3.379804890473995,0.7585391645625063
test,AF3,10,24.759874786710384,18.73759076627401,54.18792296116443,14.910464941535947,106.75474626184877,7.1597194775907385,5.678748115566308,1.0428213180056058
test,F7,10,41.09697699561782,32.353754144824684,53.854842820072164,17.317231168689403,103.68626848932018,5.987462284201137,3.357146690755782,0.760040194147685
test,F3,10,66.17738867437674,13.346387826688757,134.83707190867494,6.94254156241469,304.07163410909436,43.79831670800038,16.896805062624143,1.9133792801115874
test,FC5,10,20.40193907157813,15.621123320968058,29.408947373018666,7.912432583228993,106.41998676509672,13.449717978092103,5.8493650916529925,1.1212133143413354
test,T7,10,20.969561682146182,13.390235076429398,52.845259990647875,8.319282740240853,250.12586330859727,30.065796670033098,11.519936297954754,1.5662302020433747
test,P7,10,15.712009406894458,11.270975260488388,17.567453975594713,7.643209926531525,138.58296777945762,18.131513998902594,6.653181799735745,1.2726435449897457
test,O1,10,24.42616290102272,12.444178553051405,39.23729567226779,8.404408320669393,122.69295874698236,14.598643243598392,11.754458871541125,1.3597049736394093
test,O2,10,16.47574952286412,12.947293257928774,28.34514619984319,8.223822813705484,129.68446140399146,15.769364727540664,8.685067939692864,1.3225286776456266
test,P8,10,19.826013124940857,14.42441703421451,32.24822530593994,6.906248316947831,161.64746286523174,23.405973177731138,9.207125377567,1.379896309611541
test,T8,10,20.026390415657126,16.415328363101374,30.287686151998525,10.62936774110292,184.50065016614266,17.35763167292569,9.729613034035962,1.3636522951804892
test,FC6,10,31.725645653200132,19.845999878905126,60.73577667119382,11.05026547555702,179.64609004135684,16.257174132036067,8.478960633204768,1.2939273968436302
test,F4,10,17.869815505668683,16.121526638864083,32.568148300253185,7.166412527890851,144.8019953556794,20.20564610146663,9.363140076703566,1.3683123652604812
test,F8,10,34.32807432186355,20.607317161007185,62.27739884854685,16.95432886918254,130.7453030477435,7.711617726455453,5.817166499615843,1.062380954457589
test,AF4,10,26.491248384079285,17.70533392905672,39.938059732977024,15.10932366557482,120.81840780522266,7.996281665505393,6.685869528753856,1.0773549825927504
all,AF3,48,23.94453392083036,16.881574336872237,44.685486643534,9.608546955426148,212.39743290236888,22.105052292263984,5.139790315673007,0.9737870855470733
all,F7,48,29.58985615903011,20.41891180065273,44.871601415289334,12.185165492499289,115.78036532124499,9.501747464366803,4.1421034875795995,0.8296312442213521
all,F3,48,17.405438454661386,11.333127170361369,43.95155322319553,6.91295500955088,365.8960306982225,52.92903399381359,14.341021647199444,1.4744330198357896
all,FC5,48,16.494821798462407,11.199695082398012,25.48243838945307,7.128588338188701,113.6971678832813,15.949464675101515,5.443745921476701,0.9676303503020245
all,T7,48,16.29364869667615,9.8202798511113,39.93486065660212,6.251965447254941,1436.2286202506232,229.72433746914422,11.324628814403853,1.7002322740953721
all,P7,48,10.145956136783829,8.084283975259943,16.373543223601178,5.594289926756206,138.58296777945762,24.772217670851678,3.8614898881080686,0.9647460295556483
all,O1,48,14.068135976281695,9.623619355134881,22.17490169044318,6.136721542251936,122.69295874698236,19.993241978184795,4.223018768738682,0.995134035679282
all,O2,48,14.307551525173302,10.696445730959283,19.17515662554361,7.589057701059208,129.68446140399146,17.088348318380994,4.093276700796517,0.9226843862554684
all,P8,48,14.899969608721257,10.551816728070257,20.564533800056083,6.360285699110892,161.64746286523174,25.415126067030062,4.852547247585826,1.050612136333611
all,T8,48,19.094088007547036,15.853867760465727,24.787261629956284,9.683623111915079,184.50065016614266,19.052853258934295,4.615118053523406,0.9751914075507994
all,FC6,48,21.04204419212828,16.008016558740504,32.53912857921077,8.871229318666899,179.64609004135684,20.250416665855358,4.451794807538089,0.9366530016739297
all,F4,48,18.13455661807295,14.510637767684633,28.63696653731296,6.030871857977958,144.8019953556794,24.010126357456528,4.092259283306886,0.9571588187108413
all,F8,48,28.22992994842734,20.47864515448188,42.0679673987207,15.473358358381978,163.34762689226204,10.556701596959783,3.696078206243412,0.8145428535301871
all,AF4,48,21.36408698305224,16.668474739582905,36.87392623821889,8.081707657024841,120.81840780522266,14.949613736671605,3.6256501568852975,0.8373398349355904
