subject,split,channel,std_uv
1,train,AF3,82.70841033558342
1,train,F7,65.50072288162129
1,train,F3,19.72768638120982
1,train,FC5,30.7356296237752
1,train,T7,1436.2286202506232
1,train,P7,19.49154677126233
1,train,O1,21.685583064276265
1,train,O2,20.35995875481444
1,train,P8,21.195354894309183
1,train,T8,20.693588436941262
1,train,FC6,27.009040263509515
1,train,F4,29.6803849440542
1,train,F8,41.769384262075235
1,train,AF4,27.079708407119366
2,train,AF3,19.51528926089063
2,train,F7,30.89453452447437
2,train,F3,15.321456551171881
2,train,FC5,16.422473811663217
2,train,T7,50.766687338329774
2,train,P7,8.655995697592617
2,train,O1,14.321383307448205
2,train,O2,16.096342353498443
2,train,P8,16.63960732958179
2,train,T8,18.89524309473325
2,train,FC6,23.983589785028457
2,train,F4,14.611985360000894
2,train,F8,32.31246986528221
2,train,AF4,20.244549226390625
3,train,AF3,33.249679144521146
3,train,F7,25.063867231450658
3,train,F3,15.630500348355211
3,train,FC5,13.976721157338181
3,train,T7,8.883355739475629
3,train,P7,10.703324709291895
3,train,O1,14.705828606719416
3,train,O2,18.780222582453334
3,train,P8,17.603999659665412
3,train,T8,19.175595621309387
3,train,FC6,22.438169493452733
3,train,F4,18.12123367864853
3,train,F8,28.07061415881661
3,train,AF4,20.558688550994646
4,train,AF3,44.65848111800591
4,train,F7,23.306647367832632
4,train,F3,21.55353782774451
4,train,FC5,54.04889560763404
4,train,T7,46.571612122317674
4,train,P7,24.45265100675919
4,train,O1,22.37369959097738
4,train,O2,22.99630836996995
4,train,P8,30.86214728160791
4,train,T8,25.11508349141327
4,train,FC6,38.327468069695335
4,train,F4,24.32688263933836
4,train,F8,46.52000099116547
4,train,AF4,25.606556855200655
5,test,AF3,27.711610796822278
5,test,F7,64.07954319912423
5,test,F3,15.337828089256353
5,test,FC5,24.225858554842834
5,test,T7,20.747610712624144
5,test,P7,15.33475562043635
5,test,O1,31.472533210494422
5,test,O2,14.356523643049801
5,test,P8,21.494453360027737
5,test,T8,23.936358622781206
5,test,FC6,70.04889510833844
5,test,F4,18.14787955749737
5,test,F8,64.40379756410857
5,test,AF4,21.674940463184853
6,validation,AF3,25.67564090992791
6,validation,F7,23.80070354494996
6,validation,F3,11.113886977452994
6,validation,FC5,48.73238511028322
6,validation,T7,8.91850774425482
6,validation,P7,7.436431264305022
6,validation,O1,17.3384632274829
6,validation,O2,9.012130795336054
6,validation,P8,9.297439917785846
6,validation,T8,12.929550654266462
6,validation,FC6,19.707854091492024
6,validation,F4,15.222173746009307
6,validation,F8,31.035873801445195
6,validation,AF4,20.45587021265025
7,train,AF3,72.1170922977865
7,train,F7,12.185165492499289
7,train,F3,7.973686461580931
7,train,FC5,12.750552615361775
7,train,T7,6.410473799234791
7,train,P7,5.594289926756206
7,train,O1,8.92255060015876
7,train,O2,12.065869308104658
7,train,P8,20.354260101971718
7,train,T8,16.185243265046562
7,train,FC6,16.795001889027933
7,train,F4,12.673252703449315
7,train,F8,21.88108959075473
7,train,AF4,12.681088288278103
8,validation,AF3,20.024000089761415
8,validation,F7,18.74658939287071
8,validation,F3,45.12681204930585
8,validation,FC5,10.18674105076055
8,validation,T7,14.103785246128302
8,validation,P7,6.354568113560873
8,validation,O1,32.69077476789182
8,validation,O2,8.837519914244773
8,validation,P8,10.353411604690605
8,validation,T8,13.610398152497314
8,validation,FC6,16.127842472187183
8,validation,F4,31.197262768314815
8,validation,F8,22.657027672240933
8,validation,AF4,21.932933229811347
9,train,AF3,14.763499537309398
9,train,F7,13.119888005999284
9,train,F3,14.874066294000805
9,train,FC5,25.329737451131994
9,train,T7,8.829302343204699
9,train,P7,9.483440610902807
9,train,O1,21.440404102635515
9,train,O2,18.028598270576627
9,train,P8,17.720398554117477
9,train,T8,31.898792103510715
9,train,FC6,20.007267752783847
9,train,F4,13.812970386769209
9,train,F8,29.438898281174698
9,train,AF4,16.28069960614658
10,train,AF3,15.484360391727911
10,train,F7,26.038689703579006
10,train,F3,7.449451100260188
10,train,FC5,9.389647871252814
10,train,T7,7.412414744207135
10,train,P7,6.056084695359372
10,train,O1,6.159409476143522
10,train,O2,7.96315667142135
10,train,P8,7.019952460040064
10,train,T8,9.683623111915079
10,train,FC6,11.650441053602245
10,train,F4,17.887511147483
10,train,F8,19.405406987804486
10,train,AF4,14.179562460715818
11,train,AF3,18.501887401857044
11,train,F7,22.875828402713907
11,train,F3,10.248139302398354
11,train,FC5,10.186326793156582
11,train,T7,58.835673128333994
11,train,P7,7.480192720434414
11,train,O1,9.177373622958356
11,train,O2,9.825834859737673
11,train,P8,10.885602166008036
11,train,T8,48.88205906280692
11,train,FC6,11.791940487118822
11,train,F4,18.069072064706344
11,train,F8,15.631595157939293
11,train,AF4,16.487595918137625
12,train,AF3,45.03473110857345
12,train,F7,21.752767896651097
12,train,F3,16.152509879383533
12,train,FC5,17.753894259387902
12,train,T7,16.984868265485865
12,train,P7,16.53096015393165
12,train,O1,16.76665225827543
12,train,O2,33.46329619833589
12,train,P8,16.83038312294717
12,train,T8,20.079597076484408
12,train,FC6,21.03948891506356
12,train,F4,20.771427811513615
12,train,F8,28.38924573803807
12,train,AF4,51.28000283998492
13,test,AF3,90.50077854522634
13,test,F7,42.99325821703443
13,test,F3,81.80444067553005
13,test,FC5,65.28952315110269
13,test,T7,60.80464566647096
13,test,P7,138.58296777945762
13,test,O1,122.69295874698236
13,test,O2,129.68446140399146
13,test,P8,161.64746286523174
13,test,T8,184.50065016614266
13,test,FC6,179.64609004135684
13,test,F4,144.8019953556794
13,test,F8,130.7453030477435
13,test,AF4,120.81840780522266
14,train,AF3,22.690519670889
14,train,F7,46.724593349080074
14,train,F3,18.65836702993924
14,train,FC5,20.673903466323456
14,train,T7,17.012792997802077
14,train,P7,9.046015203720033
14,train,O1,16.232539549106278
14,train,O2,44.16806158287248
14,train,P8,6.360285699110892
14,train,T8,20.575874362201464
14,train,FC6,20.16530817893908
14,train,F4,16.62818575358035
14,train,F8,26.98075352589573
14,train,AF4,23.459834137986643
15,train,AF3,14.195545426847211
15,train,F7,17.689210270969436
15,train,F3,108.90211340066638
15,train,FC5,15.484761721666242
15,train,T7,10.158874199941792
15,train,P7,8.702801844102934
15,train,O1,11.502396746876872
15,train,O2,10.829643423854238
15,train,P8,10.336932187036208
15,train,T8,17.735219109618047
15,train,FC6,15.648538818400462
15,train,F4,15.436476186106349
15,train,F8,23.16572411107667
15,train,AF4,18.54128934839304
16,validation,AF3,44.76650322011827
16,validation,F7,43.62758147998732
16,validation,F3,24.539772469080948
16,validation,FC5,27.954438397930463
16,validation,T7,37.722610168030265
16,validation,P7,24.198170402373634
16,validation,O1,24.29026313859749
16,validation,O2,25.244082425500558
16,validation,P8,25.084015950108697
16,validation,T8,64.20454724040836
16,validation,FC6,32.74559828145869
16,validation,F4,32.24748628779528
16,validation,F8,66.84909123429654
16,validation,AF4,32.86613193963466
17,train,AF3,88.25513453294641
17,train,F7,44.253937437359085
17,train,F3,6.91295500955088
17,train,FC5,25.94054120441629
17,train,T7,14.728873647624422
17,train,P7,5.62897210973241
17,train,O1,6.136721542251936
17,train,O2,7.589057701059208
17,train,P8,6.486947493447689
17,train,T8,9.887452539533122
17,train,FC6,8.871229318666899
17,train,F4,6.030871857977958
17,train,F8,16.39508199654192
17,train,AF4,8.081707657024841
18,train,AF3,17.95824306498506
18,train,F7,38.32839897212021
18,train,F3,365.8960306982225
18,train,FC5,11.777498974881432
18,train,T7,8.321805411006926
18,train,P7,7.439809821213751
18,train,O1,8.880405096087506
18,train,O2,10.487401697123852
18,train,P8,11.227238628822066
18,train,T8,16.942577338739568
18,train,FC6,18.300794692612516
18,train,F4,15.120586190706879
18,train,F8,34.71508497121397
18,train,AF4,22.997808346597576
19,train,AF3,54.329399088940484
19,train,F7,53.428719109898125
19,train,F3,56.01637612473936
19,train,FC5,69.99101161789167
19,train,T7,49.72130565635372
19,train,P7,46.53300367020449
19,train,O1,49.1810725161425
19,train,O2,55.04046167766845
19,train,P8,55.39269442760041
19,train,T8,54.97817436136134
19,train,FC6,53.107677183642885
19,train,F4,47.48337118099263
19,train,F8,55.98216431583886
19,train,AF4,60.47400050553351
20,test,AF3,16.36880683040185
20,test,F7,49.13766855133052
20,test,F3,6.94254156241469
20,test,FC5,7.912432583228993
20,test,T7,8.319282740240853
20,test,P7,17.982914996295943
20,test,O1,8.590891196276306
20,test,O2,8.223822813705484
20,test,P8,6.906248316947831
20,test,T8,10.62936774110292
20,test,FC6,11.05026547555702
20,test,F4,7.166412527890851
20,test,F8,16.95432886918254
20,test,AF4,15.10932366557482
21,train,AF3,17.052496839029033
21,train,F7,18.893195242663637
21,train,F3,14.784201136733884
21,train,FC5,14.657225095056528
21,train,T7,91.22813134855438
21,train,P7,16.560359528194187
21,train,O1,22.108635723598447
21,train,O2,17.590416683798377
21,train,P8,17.556791306454564
21,train,T8,55.78149501212717
21,train,FC6,21.183266147766833
21,train,F4,28.91338410370982
21,train,F8,21.94896229412957
21,train,AF4,18.95818146217368
22,train,AF3,25.641741100999397
22,train,F7,37.8483895506246
22,train,F3,37.66550924973442
22,train,FC5,38.475383320796865
22,train,T7,72.17300032525988
22,train,P7,9.895220038540225
22,train,O1,14.813176664305164
22,train,O2,17.489239277160234
22,train,P8,104.57000042874509
22,train,T8,43.14741583923635
22,train,FC6,32.02411421223312
22,train,F4,21.521136387693755
22,train,F8,45.34083861695276
22,train,AF4,28.10939430145084
23,train,AF3,13.203870075616054
23,train,F7,12.685620263546015
23,train,F3,120.71028013084323
23,train,FC5,10.02990965729889
23,train,T7,8.09337741724586
23,train,P7,8.341286354781634
23,train,O1,9.626042974851826
23,train,O2,11.104359836079231
23,train,P8,15.25344511634455
23,train,T8,13.244650188794735
23,train,FC6,13.09598287003307
23,train,F4,73.67162141671399
23,train,F8,17.91011423808623
23,train,AF4,17.541269704684858
24,train,AF3,15.73102346508116
24,train,F7,28.729460348002412
24,train,F3,12.915629124290325
24,train,FC5,12.23528629829091
24,train,T7,10.2696662271198
24,train,P7,10.018573759123951
24,train,O1,33.49341172947365
24,train,O2,16.195363447902754
24,train,P8,16.122032785639075
24,train,T8,16.601119764103668
24,train,FC6,16.693222303683196
24,train,F4,54.04893016770033
24,train,F8,19.587529961744774
24,train,AF4,19.2820615319704
25,test,AF3,14.910464941535947
25,test,F7,37.739345362602705
25,test,F3,50.55033667322345
25,test,FC5,16.578019588313428
25,test,T7,17.545018203928084
25,test,P7,16.32107091349102
25,test,O1,41.82554982619225
25,test,O2,18.091456457855923
25,test,P8,26.286869312548163
25,test,T8,19.01258039378469
25,test,FC6,18.882639533407612
25,test,F4,17.591751453839997
25,test,F8,18.6725466847569
25,test,AF4,16.58936740443575
26,test,AF3,18.279862783425788
26,test,F7,20.595057823752743
26,test,F3,11.120133487000961
26,test,FC5,12.304146177181758
26,test,T7,250.12586330859727
26,test,P7,10.160163500032642
26,test,O1,20.64137277500315
26,test,O2,15.272836465602357
26,test,P8,17.35393567173799
26,test,T8,16.3064490005091
26,test,FC6,22.73608091539767
26,test,F4,15.944286297103547
26,test,F8,20.34297411801519
26,test,AF4,21.053233502919625
27,test,AF3,63.01336034927848
27,test,F7,39.200695774201215
27,test,F3,85.40476360670633
27,test,FC5,16.567169785261598
27,test,T7,12.005307367263171
27,test,P7,16.089263193352565
27,test,O1,13.814888645115186
27,test,O2,17.678662580125884
27,test,P8,18.15757288985398
27,test,T8,21.040200437529563
27,test,FC6,30.98098596127214
27,test,F4,21.111125610862167
27,test,F8,33.51567488250534
27,test,AF4,41.65788818063714
28,test,AF3,20.110774714818675
28,test,F7,55.427234242986046
28,test,F3,12.682574405832892
28,test,FC5,15.305774499536879
28,test,T7,21.19151265166822
28,test,P7,10.924605610495714
28,test,O1,11.987275189030143
28,test,O2,12.034688888128906
28,test,P8,13.447910821706685
28,test,T8,16.741966450878184
28,test,FC6,32.470305345128125
28,test,F4,16.653247664145685
28,test,F8,55.89820270186169
28,test,AF4,31.307556304973712
29,train,AF3,11.655503279347284
29,train,F7,29.78712777171693
29,train,F3,11.404125064814838
29,train,FC5,8.907431486245153
29,train,T7,19.01610309482291
29,train,P7,10.131748773535016
29,train,O1,10.567701632192994
29,train,O2,12.102965560765323
29,train,P8,8.489935901637018
29,train,T8,19.73291780722254
29,train,FC6,17.951660282440216
29,train,F4,14.931362205356756
29,train,F8,24.801540811506683
29,train,AF4,16.69484385129862
30,train,AF3,36.23942314261302
30,train,F7,91.04310361835543
30,train,F3,7.48483859314231
30,train,FC5,8.566829413005731
30,train,T7,6.251965447254941
30,train,P7,14.915169761744892
30,train,O1,7.855820013181847
30,train,O2,9.612127189567065
30,train,P8,10.617951769196809
30,train,T8,16.905042994310485
30,train,FC6,60.69341394410137
30,train,F4,50.88006831310735
30,train,F8,30.726157019483715
30,train,AF4,37.12064958811699
31,train,AF3,57.95181310697746
31,train,F7,83.51680366244905
31,train,F3,21.31466149304931
31,train,FC5,20.212760123063333
31,train,T7,13.8433366868954
31,train,P7,10.19520015058329
31,train,O1,10.555633395953118
31,train,O2,28.34549367685349
31,train,P8,13.303809560170663
31,train,T8,14.859741246723221
31,train,FC6,25.13209534949153
31,train,F4,21.76381864536577
31,train,F8,42.96371680865709
31,train,AF4,41.73813649068497
32,train,AF3,26.260553969872216
32,train,F7,85.86272863297978
32,train,F3,21.447870947540167
32,train,FC5,22.017107421687317
32,train,T7,18.00552938669701
32,train,P7,11.25089774925216
32,train,O1,8.573914377016763
32,train,O2,9.344497411219047
32,train,P8,10.110008531463656
32,train,T8,21.598707818571395
32,train,FC6,14.746371926536089
32,train,F4,13.080514819107409
32,train,F8,99.80848759840342
32,train,AF4,99.88802157831078
33,train,AF3,66.01021308347957
33,train,F7,115.78036532124499
33,train,F3,43.559800281158765
33,train,FC5,113.6971678832813
33,train,T7,350.13742995153166
33,train,P7,65.00941835938522
33,train,O1,76.01472071310563
33,train,O2,61.5618678302678
33,train,P8,95.45263775474915
33,train,T8,177.05650217916997
33,train,FC6,144.1041355009259
33,train,F4,117.25807577766898
33,train,F8,163.34762689226204
33,train,AF4,71.1213932833917
34,validation,AF3,15.174414483459465
34,validation,F7,33.2256364741206
34,validation,F3,15.834459850189674
34,validation,FC5,13.179709231566996
34,validation,T7,327.63054318548035
34,validation,P7,13.47186563922702
34,validation,O1,21.12463605627891
34,validation,O2,13.225977349678152
34,validation,P8,20.09866383628557
34,validation,T8,18.669032995827187
34,validation,FC6,40.186432941597495
34,validation,F4,14.20659499073585
34,validation,F8,47.79879537551458
34,validation,AF4,15.24653821260886
35,validation,AF3,19.061260355309223
35,validation,F7,18.75348969883076
35,validation,F3,71.41940259126032
35,validation,FC5,17.768850679806818
35,validation,T7,19.281053237144977
35,validation,P7,16.862460410225218
35,validation,O1,18.8822985227479
35,validation,O2,15.58714258615502
35,validation,P8,18.455680964572473
35,validation,T8,23.271063364328572
35,validation,FC6,21.044599469192995
35,validation,F4,21.644735890303995
35,validation,F8,20.523868833304114
35,validation,AF4,17.77361009314918
36,train,AF3,24.813990479208442
36,train,F7,38.38479563287298
36,train,F3,13.590932508692747
36,train,FC5,13.717701082874038
36,train,T7,27.090622925865603
36,train,P7,7.2213371556020345
36,train,O1,10.88218912756306
36,train,O2,9.67675728253954
36,train,P8,11.53043163730846
36,train,T8,24.67798767613729
36,train,FC6,21.88404605290289
36,train,F4,26.95887912585492
36,train,F8,37.1092971474658
36,train,AF4,38.05628125239951
37,train,AF3,26.939359190329636
37,train,F7,29.39258454634329
37,train,F3,35.95126861817937
37,train,FC5,26.396017996648236
37,train,T7,26.97744128503642
37,train,P7,26.395864273211576
37,train,O1,23.632367294461726
37,train,O2,25.682582444424153
37,train,P8,26.77595374845253
37,train,T8,28.447667441359187
37,train,FC6,27.780662790789247
37,train,F4,28.54482734851401
37,train,F8,30.141073341598144
37,train,AF4,36.79168512158619
38,test,AF3,25.079842730557797
38,test,F7,30.558557072232013
38,test,F3,304.07163410909436
38,test,FC5,30.78632090383353
38,test,T7,28.967102963178615
38,test,P7,12.310084210466414
38,test,O1,28.210953027042294
38,test,O2,31.76304278050561
38,test,P8,34.23534397040386
38,test,T8,32.4047953284043
38,test,FC6,32.796421359759954
38,test,F4,36.38715586338352
38,test,F8,35.140473761221756
38,test,AF4,34.778574389996685
39,validation,AF3,15.424285971213035
39,validation,F7,22.644007358841428
39,validation,F3,35.09739109586198
39,validation,FC5,10.889432062061402
39,validation,T7,11.084397583044325
39,validation,P7,6.525177675893474
39,validation,O1,8.96310846322134
39,validation,O2,9.68319193946995
39,validation,P8,11.490130869231846
39,validation,T8,12.025844423164541
39,validation,FC6,14.889576310813435
39,validation,F4,12.166982947216342
39,validation,F8,20.035768682984152
39,validation,AF4,16.706798443090225
40,train,AF3,212.39743290236888
40,train,F7,12.526525270524882
40,train,F3,10.670853167028582
40,train,FC5,9.862332337164885
40,train,T7,6.544118814248869
40,train,P7,8.377208116496696
40,train,O1,9.939877231788444
40,train,O2,10.766127075571093
40,train,P8,10.0160126645597
40,train,T8,11.822511849396879
40,train,FC6,12.718725206311948
40,train,F4,12.647587047293875
40,train,F8,16.32567484884369
40,train,AF4,13.794910394483285
41,test,AF3,24.439906842862975
41,test,F7,17.317231168689403
41,test,F3,151.31450800933115
41,test,FC5,25.27682678057407
41,test,T7,10.048826047856178
41,test,P7,7.643209926531525
41,test,O1,8.404408320669393
41,test,O2,12.477549796221766
41,test,P8,11.214940688094712
41,test,T8,13.55776713095441
41,test,FC6,14.623317135006651
41,test,F4,12.871927268275941
41,test,F8,21.40034628998317
41,test,AF4,15.507884224925993
42,train,AF3,18.822241657686277
42,train,F7,16.653947802599127
42,train,F3,7.53061093072756
42,train,FC5,7.887009329857085
42,train,T7,9.134641260876668
42,train,P7,6.385945901328111
42,train,O1,6.731479261442159
42,train,O2,8.478280016771768
42,train,P8,8.067294655906418
42,train,T8,9.782063982156112
42,train,FC6,10.749814874861496
42,train,F4,9.363962087625536
42,train,F8,15.473358358381978
42,train,AF4,14.426301727691753
43,validation,AF3,29.98883038790634
43,validation,F7,19.89047373135268
43,validation,F3,30.44239558291108
43,validation,FC5,16.935550716998126
43,validation,T7,15.602429127866435
43,validation,P7,10.3230950235014
43,validation,O1,13.42711975670034
43,validation,O2,11.99249175949219
43,validation,P8,14.546494101097966
43,validation,T8,18.815247640927904
43,validation,FC6,16.53137272767841
43,validation,F4,23.85428774598511
43,validation,F8,20.29162925652632
43,validation,AF4,16.553726333562295
44,test,AF3,106.75474626184877
44,test,F7,103.68626848932018
44,test,F3,167.14307639023556
44,test,FC5,106.41998676509672
44,test,T7,98.61869637427074
44,test,P7,57.84949236912347
44,test,O1,98.32531203628838
44,test,O2,98.04875712169266
44,test,P8,92.36172404810088
44,test,T8,122.90282609545328
44,test,FC6,114.44038319374049
44,test,F4,111.88811684671971
44,test,F8,105.0525186896957
44,test,AF4,101.48375269382238
45,train,AF3,23.44916099879774
45,train,F7,28.887267275682028
45,train,F3,12.899791518298857
45,train,FC5,25.314468117378308
45,train,T7,15.029041397968035
45,train,P7,8.99607277102125
45,train,O1,9.61634849598405
45,train,O2,15.390057494647339
45,train,P8,12.792076767322524
45,train,T8,20.589014214809293
45,train,FC6,19.671280120657343
45,train,F4,13.75206241642543
45,train,F8,29.677331788024837
45,train,AF4,40.004148224592754
46,train,AF3,19.11626402144867
46,train,F7,50.95027763514379
46,train,F3,34.4298684661755
46,train,FC5,10.070629125092703
46,train,T7,11.938658542657572
46,train,P7,8.231308658169416
46,train,O1,11.318509249175221
46,train,O2,10.918688229455217
46,train,P8,12.677699724157327
46,train,T8,21.299355105230408
46,train,FC6,34.2397693194691
46,train,F4,13.23970287169572
46,train,F8,23.322135733247443
46,train,AF4,23.81755519818893
47,validation,AF3,14.382936516809789
47,validation,F7,19.02577908525766
47,validation,F3,9.314822587561123
47,validation,FC5,11.303116089176882
47,validation,T7,15.570774541609271
47,validation,P7,9.424391973398706
47,validation,O1,10.842279838157602
47,validation,O2,14.258579407296804
47,validation,P8,10.233090915662846
47,validation,T8,17.89509997602197
47,validation,FC6,38.46769585168085
47,validation,F4,21.60679869954339
47,validation,F8,21.857352111825787
47,validation,AF4,47.31986443478767
48,train,AF3,9.608546955426148
48,train,F7,23.305680523195058
48,train,F3,10.007626448062569
48,train,FC5,7.128588338188701
48,train,T7,8.848722633326409
48,train,P7,7.442458829809969
48,train,O1,10.43633491730771
48,train,O2,11.896277450530873
48,train,P8,11.360267538725978
48,train,T8,13.929406072469543
48,train,FC6,14.425251363918141
48,train,F4,28.03290084374719
48,train,F8,26.972076714877964
48,train,AF4,19.262442184804662
