subject,split,condition,channel,std_uv
1,train,high,AF3,115.3547265836431
1,train,high,F7,63.72189616544025
1,train,high,F3,21.47700942598949
1,train,high,FC5,40.71819906111234
1,train,high,T7,19.179509556413585
1,train,high,P7,23.105138917554623
1,train,high,O1,23.602858995273525
1,train,high,O2,22.350368574624753
1,train,high,P8,22.972504502270784
1,train,high,T8,22.788292190025015
1,train,high,FC6,24.92743753398712
1,train,high,F4,33.65056938807853
1,train,high,F8,56.08664224936334
1,train,high,AF4,32.644953134525984
1,train,low,AF3,19.35585620440845
1,train,low,F7,67.23249934557353
1,train,low,F3,17.807333923876993
1,train,low,FC5,15.21137812614314
1,train,low,T7,2031.0431561395967
1,train,low,P7,15.033071069280812
1,train,low,O1,19.581471283701315
1,train,low,O2,18.152597594171535
1,train,low,P8,19.25487359361494
1,train,low,T8,18.361452527756573
1,train,low,FC6,28.941307002825944
1,train,low,F4,25.08963231557742
1,train,low,F8,18.537837201295176
1,train,low,AF4,20.02318452458157
2,train,high,AF3,22.914297380371426
2,train,high,F7,41.706758241269924
2,train,high,F3,17.65731981496864
2,train,high,FC5,20.900982128665813
2,train,high,T7,70.02540239252717
2,train,high,P7,10.439077006879396
2,train,high,O1,16.433224553510822
2,train,high,O2,18.676774879965826
2,train,high,P8,19.239491204262674
2,train,high,T8,23.601161982604335
2,train,high,FC6,28.857038305572733
2,train,high,F4,15.869520898953196
2,train,high,F8,40.07104783307253
2,train,high,AF4,23.653179210367504
2,train,low,AF3,15.382716492844384
2,train,low,F7,13.018863033136832
2,train,low,F3,12.558386196205863
2,train,low,FC5,10.126406576995992
2,train,low,T7,15.841593838907855
2,train,low,P7,6.393603927501017
2,train,low,O1,11.838628645289244
2,train,low,O2,13.013934099953142
2,train,low,P8,13.549723338921686
2,train,low,T8,12.531781794322047
2,train,low,FC6,17.82404267499715
2,train,low,F4,13.235502964719858
2,train,low,F8,21.9659383899901
2,train,low,AF4,16.13103998251416
3,train,high,AF3,25.12536585439496
3,train,high,F7,22.107134311644977
3,train,high,F3,14.712632269085514
3,train,high,FC5,12.899307635178912
3,train,high,T7,7.789474711285306
3,train,high,P7,10.21565988240836
3,train,high,O1,12.935665117329108
3,train,high,O2,16.6643002147918
3,train,high,P8,16.483499057416175
3,train,high,T8,18.562704613596164
3,train,high,FC6,24.679324189468705
3,train,high,F4,16.69841327998544
3,train,high,F8,32.223605777095074
3,train,high,AF4,18.114153099129673
3,train,low,AF3,39.746668419210195
3,train,low,F7,27.706846547904682
3,train,low,F3,16.497376314857085
3,train,low,FC5,14.976826281706416
3,train,low,T7,9.856576428026026
3,train,low,P7,11.169715641398586
3,train,low,O1,16.28469225636474
3,train,low,O2,20.680777703417867
3,train,low,P8,18.657327097824695
3,train,low,T8,19.76949451939624
3,train,low,FC6,19.946773534514968
3,train,low,F4,19.440193845394173
3,train,low,F8,23.18529610936016
3,train,low,AF4,22.741958794487452
4,train,high,AF3,46.10438547471014
4,train,high,F7,16.968411629777286
4,train,high,F3,11.73006117557739
4,train,high,FC5,31.435276750617067
4,train,high,T7,33.95830163244876
4,train,high,P7,9.840189168697146
4,train,high,O1,15.03658056929548
4,train,high,O2,13.517091028296688
4,train,high,P8,12.180573238359814
4,train,high,T8,19.210116064121486
4,train,high,FC6,38.73330965342788
4,train,high,F4,12.435845499314883
4,train,high,F8,23.22150832827672
4,train,high,AF4,17.79158866278809
4,train,low,AF3,43.164154738269986
4,train,low,F7,28.25725708212125
4,train,low,F3,28.133886164818968
4,train,low,FC5,69.67344320740199
4,train,low,T7,56.432803160170586
4,train,low,P7,33.151694286548995
4,train,low,O1,27.840008836706996
4,train,low,O2,29.57953072344399
4,train,low,P8,41.91154833386817
4,train,low,T8,29.874842910509834
4,train,low,FC6,37.91728286562506
4,train,low,F4,32.07715975163018
4,train,low,F8,61.55471162620943
4,train,low,AF4,31.54125634828925
5,test,high,AF3,24.909703814196405
5,test,high,F7,88.23118889733881
5,test,high,F3,15.879514332024627
5,test,high,FC5,27.2998021780865
5,test,high,T7,14.896551458682591
5,test,high,P7,10.30622681058843
5,test,high,O1,18.928498407298083
5,test,high,O2,12.04290930546313
5,test,high,P8,14.34195540707239
5,test,high,T8,24.25934354912046
5,test,high,FC6,96.45196365727773
5,test,high,F4,14.965534212696365
5,test,high,F8,87.33161140472845
5,test,high,AF4,23.256056425765884
5,test,low,AF3,30.25513818290756
5,test,low,F7,20.679245268244713
5,test,low,F3,14.77629700245152
5,test,low,FC5,20.700368223677376
5,test,low,T7,25.27883392951309
5,test,low,P7,19.081172624031204
5,test,low,O1,40.28340358952863
5,test,low,O2,16.345882582445086
5,test,low,P8,26.801704262384696
5,test,low,T8,23.60895547598566
5,test,low,FC6,22.598927418502008
5,test,low,F4,20.85003209490361
5,test,low,F8,25.862859322792193
5,test,low,AF4,19.969005030874772
6,validation,high,AF3,23.5971418805798
6,validation,high,F7,20.635490548023977
6,validation,high,F3,11.06720209062005
6,validation,high,FC5,30.497500572448004
6,validation,high,T7,10.877294757221643
6,validation,high,P7,7.566489639224105
6,validation,high,O1,11.54462441326255
6,validation,high,O2,9.314915680240404
6,validation,high,P8,9.212963981972898
6,validation,high,T8,14.498095225053534
6,validation,high,FC6,24.419341957746404
6,validation,high,F4,15.043115250788826
6,validation,high,F8,34.11080560369962
6,validation,high,AF4,19.03789460350209
6,validation,low,AF3,27.598039667936092
6,validation,low,F7,26.59179345078269
6,validation,low,F3,11.160370936297992
6,validation,low,FC5,61.80285685614791
6,validation,low,T7,6.384670623996283
6,validation,low,P7,7.3040573822744985
6,validation,low,O1,21.632520417170905
6,validation,low,O2,8.698812886601061
6,validation,low,P8,9.381155107947226
6,validation,low,T8,11.142342436999364
6,validation,low,FC6,13.434829017693017
6,validation,low,F4,15.399145626967508
6,validation,low,F8,27.6206934383035
6,validation,low,AF4,21.781725116561912
7,train,high,AF3,100.3100677950161
7,train,high,F7,15.986109053468162
7,train,high,F3,8.660863259877564
7,train,high,FC5,16.857635027049145
7,train,high,T7,6.685733898802068
7,train,high,P7,5.913819015439369
7,train,high,O1,10.420273928336819
7,train,high,O2,15.098743063192554
7,train,high,P8,24.624919450818705
7,train,high,T8,20.576517896471252
7,train,high,FC6,22.063249792550796
7,train,high,F4,13.096636491610159
7,train,high,F8,28.99678883567941
7,train,high,AF4,12.592612620024576
7,train,low,AF3,18.429006771083422
7,train,low,F7,6.434347124328691
7,train,low,F3,7.2214099360114234
7,train,low,FC5,6.401032089984308
7,train,low,T7,6.122850926190446
7,train,low,P7,5.255366376156265
7,train,low,O1,7.116297107471209
7,train,low,O2,7.949730566473902
7,train,low,P8,14.906542952850671
7,train,low,T8,10.02651809018762
7,train,low,FC6,8.79529094029862
7,train,low,F4,12.23522457907168
7,train,low,F8,10.805109172091093
7,train,low,AF4,12.76894879338798
8,validation,high,AF3,20.542311569168675
8,validation,high,F7,23.67754588555162
8,validation,high,F3,62.60367667962255
8,validation,high,FC5,11.314558501953437
8,validation,high,T7,15.99752191764623
8,validation,high,P7,6.141316296895188
8,validation,high,O1,45.65360182170743
8,validation,high,O2,9.27454675855647
8,validation,high,P8,11.359272347772318
8,validation,high,T8,14.717599640162906
8,validation,high,FC6,20.27500204749731
8,validation,high,F4,43.121200025464354
8,validation,high,F8,27.75301583307939
8,validation,high,AF4,27.89672179308343
8,validation,low,AF3,19.491885210315957
8,validation,low,F7,11.926562848202018
8,validation,low,F3,12.395079192698569
8,validation,low,FC5,8.917407248790331
8,validation,low,T7,11.912715953127163
8,validation,low,P7,6.5608904884637695
8,validation,low,O1,7.288494342555325
8,validation,low,O2,8.377726314115359
8,validation,low,P8,9.238678623714513
8,validation,low,T8,12.404758778877003
8,validation,low,FC6,10.446955793836992
8,validation,low,F4,9.332765282282336
8,validation,low,F8,16.014115411559736
8,validation,low,AF4,13.560237212945735
9,train,high,AF3,13.814824335229035
9,train,high,F7,13.309248894861804
9,train,high,F3,9.884393668589256
9,train,high,FC5,32.89181745336013
9,train,high,T7,9.570475766090956
9,train,high,P7,9.060726144846013
9,train,high,O1,21.297507824654208
9,train,high,O2,15.113587322680491
9,train,high,P8,15.37641058983963
9,train,high,T8,42.07839061637505
9,train,high,FC6,16.243753788972825
9,train,high,F4,12.818286066484852
9,train,high,F8,34.54702497574846
9,train,high,AF4,14.852193618998761
9,train,low,AF3,15.654789084843538
9,train,low,F7,12.927751509646146
9,train,low,F3,18.56810115248187
9,train,low,FC5,14.188709449987007
9,train,low,T7,8.019920398294799
9,train,low,P7,9.888100152364276
9,train,low,O1,21.582346672882114
9,train,low,O2,20.533875944045096
9,train,low,P8,19.788658949061293
9,train,low,T8,16.26268328922208
9,train,low,FC6,23.167257589495794
9,train,low,F4,14.740685261220706
9,train,low,F8,23.23360678082897
9,train,low,AF4,17.593597975196143
10,train,high,AF3,14.97926738538678
10,train,high,F7,30.338640229505145
10,train,high,F3,8.299829139695337
10,train,high,FC5,11.818107458385224
10,train,high,T7,7.903244270771204
10,train,high,P7,7.17746788094281
10,train,high,O1,7.407647266936457
10,train,high,O2,9.694190772556226
10,train,high,P8,8.16625618361917
10,train,high,T8,12.046107685969895
10,train,high,FC6,12.401778315311457
10,train,high,F4,23.500004318312932
10,train,high,F8,25.854543722325744
10,train,high,AF4,17.786503642379557
10,train,low,AF3,15.973489639953101
10,train,low,F7,20.87084611982919
10,train,low,F3,6.488564682565623
10,train,low,FC5,6.055005708751321
10,train,low,T7,6.886690845824164
10,train,low,P7,4.672929203502283
10,train,low,O1,4.582945360975838
10,train,low,O2,5.731170146672924
10,train,low,P8,5.645498670597144
10,train,low,T8,6.514303952816777
10,train,low,FC6,10.847175741478022
10,train,low,F4,9.363540520038583
10,train,low,F8,9.202251103338657
10,train,low,AF4,9.260677831194648
11,train,high,AF3,23.251051737880765
11,train,high,F7,30.346634768726002
11,train,high,F3,12.266580210981822
11,train,high,FC5,12.437802146116876
11,train,high,T7,82.29649709605889
11,train,high,P7,8.505221214804179
11,train,high,O1,10.007243769070753
11,train,high,O2,10.231457792246136
11,train,high,P8,12.227895767638014
11,train,high,T8,68.40600842150546
11,train,high,FC6,12.226819602889243
11,train,high,F4,10.73362045631548
11,train,high,F8,18.65838540253198
11,train,high,AF4,20.279264568995075
11,train,low,AF3,12.00117338830314
11,train,low,F7,11.211093043705928
11,train,low,F3,7.718788827302707
11,train,low,FC5,7.267964762912511
11,train,low,T7,12.2702627691424
11,train,low,P7,6.290286847996732
11,train,low,O1,8.264575820047316
11,train,low,O2,9.402729371124822
11,train,low,P8,9.352603446816872
11,train,low,T8,9.976439677948887
11,train,low,FC6,11.340396945652781
11,train,low,F4,23.189914228568934
11,train,low,F8,11.855721462510392
11,train,low,AF4,11.50795656026479
12,train,high,AF3,36.02299732725338
12,train,high,F7,27.253862974337878
12,train,high,F3,19.48838601738147
12,train,high,FC5,22.065236169250184
12,train,high,T7,21.452302386565595
12,train,high,P7,21.271655152135004
12,train,high,O1,20.676743548585957
12,train,high,O2,45.37480351567532
12,train,high,P8,19.62460438962552
12,train,high,T8,24.26041626878495
12,train,high,FC6,25.586762024613996
12,train,high,F4,23.434692283428344
12,train,high,F8,35.59252681623049
12,train,high,AF4,47.65992011177494
12,train,low,AF3,52.522353968994935
12,train,low,F7,14.268589712178294
12,train,low,F3,11.916793136993872
12,train,low,FC5,11.98026863019881
12,train,low,T7,10.80602627794896
12,train,low,P7,9.698554697475625
12,train,low,O1,11.606610710809793
12,train,low,O2,13.442900637360195
12,train,low,P8,13.468425842022352
12,train,low,T8,14.758474702516288
12,train,low,FC6,15.186761043151465
12,train,low,F4,17.71213116847415
12,train,low,F8,18.576073670187306
12,train,low,AF4,54.66084375271222
13,test,high,AF3,126.81125787756272
13,test,high,F7,59.10562787419946
13,test,high,F3,115.17933632791384
13,test,high,FC5,91.84935625019563
13,test,high,T7,85.84235692354797
13,test,high,P7,195.78860063001943
13,test,high,O1,173.0888552392015
13,test,high,O2,183.1629725648977
13,test,high,P8,198.89531006647996
13,test,high,T8,260.671196677192
13,test,high,FC6,253.70853682690728
13,test,high,F4,204.25622687762493
13,test,high,F8,181.90785966695535
13,test,high,AF4,169.36340977809976
13,test,low,AF3,17.311461714780087
13,test,low,F7,14.26061910032056
13,test,low,F3,10.846820207592803
13,test,low,FC5,9.441367644833921
13,test,low,T7,5.0497154102172574
13,test,low,P7,8.792142709462624
13,test,low,O1,12.139705025805938
13,test,low,O2,9.351172514916891
13,test,low,P8,112.69631709470511
13,test,low,T8,11.467649085453536
13,test,low,FC6,13.319668460061127
13,test,low,F4,14.650236778586045
13,test,low,F8,33.13908758272434
13,test,low,AF4,22.58782954887644
14,train,high,AF3,18.411696402489774
14,train,high,F7,29.69228753808335
14,train,high,F3,13.468663160426546
14,train,high,FC5,22.8788374916029
14,train,high,T7,10.543018783133684
14,train,high,P7,9.338771423173464
14,train,high,O1,12.39430224615846
14,train,high,O2,15.039795736564583
14,train,high,P8,2.688080784916297
14,train,high,T8,17.076822316278527
14,train,high,FC6,16.001317958178028
14,train,high,F4,10.838492966067419
14,train,high,F8,25.592967388255936
14,train,high,AF4,19.594060215812704
14,train,low,AF3,26.281711841156525
14,train,low,F7,59.03170848903624
14,train,low,F3,22.690623525730373
14,train,low,FC5,18.20382794244821
14,train,low,T7,21.626719721669414
14,train,low,P7,8.743462085143477
14,train,low,O1,19.322832464925362
14,train,low,O2,60.62540571798924
14,train,low,P8,8.583745461050773
14,train,low,T8,23.560885488416368
14,train,low,FC6,23.60587014243599
14,train,low,F4,20.869120194850822
14,train,low,F8,28.300567826547677
14,train,low,AF4,26.773124083867256
15,train,high,AF3,14.282819345058074
15,train,high,F7,14.848486334480338
15,train,high,F3,10.722275958932766
15,train,high,FC5,17.00963828056435
15,train,high,T7,9.655359441414063
15,train,high,P7,7.63449064375745
15,train,high,O1,10.701383082304396
15,train,high,O2,10.44713957594667
15,train,high,P8,9.406557549205884
15,train,high,T8,20.933398621066488
15,train,high,FC6,15.522517635811875
15,train,high,F4,15.6575238883781
15,train,high,F8,22.984078099617832
15,train,high,AF4,15.677883558996013
15,train,low,AF3,14.107725206921646
15,train,low,F7,20.133024846875344
15,train,low,F3,153.63714851556827
15,train,low,FC5,13.792312683366644
15,train,low,T7,10.63858464929882
15,train,low,P7,9.653603687132508
15,train,low,O1,12.251149413547878
15,train,low,O2,11.199089313788257
15,train,low,P8,11.190218635958505
15,train,low,T8,13.815523102236499
15,train,low,FC6,15.773550334639111
15,train,low,F4,15.212213083558687
15,train,low,F8,23.34594857506111
15,train,low,AF4,21.0181528423117
16,validation,high,AF3,21.644530761801647
16,validation,high,F7,47.592412067351056
16,validation,high,F3,18.34370304543269
16,validation,high,FC5,18.65254022727162
16,validation,high,T7,30.246009198998046
16,validation,high,P7,12.416745139840794
16,validation,high,O1,12.095347510247683
16,validation,high,O2,15.1403706124377
16,validation,high,P8,16.072088105330366
16,validation,high,T8,84.55983976368974
16,validation,high,FC6,29.29289765507652
16,validation,high,F4,17.426702792722782
16,validation,high,F8,84.72945808241599
16,validation,high,AF4,26.764583524033753
16,validation,low,AF3,59.49448568903566
16,validation,low,F7,39.26430248251481
16,validation,low,F3,29.46030244323125
16,validation,low,FC5,34.856619871243275
16,validation,low,T7,43.945070943673215
16,validation,low,P7,31.88929822930118
16,validation,low,O1,32.151770329023776
16,validation,low,O2,32.3310464711643
16,validation,low,P8,31.624416125717474
16,validation,low,T8,33.07689934697109
16,validation,low,FC6,35.86745558068957
16,validation,low,F4,42.14392532346192
16,validation,low,F8,41.93471987695544
16,validation,low,AF4,38.0002897069177
17,train,high,AF3,17.47571039813503
17,train,high,F7,37.052191085808595
17,train,high,F3,5.0522168272037495
17,train,high,FC5,4.7562953952519855
17,train,high,T7,15.531233607185959
17,train,high,P7,5.487839283278556
17,train,high,O1,6.22158760549508
17,train,high,O2,7.667083558599961
17,train,high,P8,6.0917503277495735
17,train,high,T8,9.51413248683513
17,train,high,FC6,10.161505720240324
17,train,high,F4,5.684369283217868
17,train,high,F8,16.711362487549323
17,train,high,AF4,7.138812290936233
17,train,low,AF3,123.58210665611341
17,train,low,F7,50.43765550578232
17,train,low,F3,8.36976696529292
17,train,low,FC5,36.37582814800786
17,train,low,T7,13.880209436207398
17,train,low,P7,5.766651156092016
17,train,low,O1,6.050665224852528
17,train,low,O2,7.51022119268242
17,train,low,P8,6.859412767050143
17,train,low,T8,10.247180877813074
17,train,low,FC6,7.35807157840613
17,train,low,F4,6.358519738543507
17,train,low,F8,16.072577369478147
17,train,low,AF4,8.925544340986033
18,train,high,AF3,17.471683804933566
18,train,high,F7,28.68000384485615
18,train,high,F3,10.82675115693574
18,train,high,FC5,12.42486424948931
18,train,high,T7,8.169928766934737
18,train,high,P7,6.617321583525673
18,train,high,O1,9.721462929910246
18,train,high,O2,11.153233015668617
18,train,high,P8,13.11824029922393
18,train,high,T8,21.399902480696007
18,train,high,FC6,21.772348093899538
18,train,high,F4,14.736698727784585
18,train,high,F8,42.965730421252395
18,train,high,AF4,25.18098358332742
18,train,low,AF3,18.431962741368913
18,train,low,F7,45.995540130626146
18,train,low,F3,517.3418521790708
18,train,low,FC5,11.092416341741933
18,train,low,T7,8.470959280881095
18,train,low,P7,8.180011258626605
18,train,low,O1,7.950870657767527
18,train,low,O2,9.776327479431353
18,train,low,P8,8.945029069179824
18,train,low,T8,10.777106637522882
18,train,low,FC6,13.992963597297296
18,train,low,F4,15.494965173513744
18,train,low,F8,23.753319637719194
18,train,low,AF4,20.584373706373253
19,train,high,AF3,13.391438299323323
19,train,high,F7,13.663736386149186
19,train,high,F3,8.91041730365302
19,train,high,FC5,10.12317390912082
19,train,high,T7,6.900430171508597
19,train,high,P7,7.997887061637595
19,train,high,O1,10.443107310736531
19,train,high,O2,10.524723048592113
19,train,high,P8,16.130266835516423
19,train,high,T8,14.230077912690911
19,train,high,FC6,15.691338015264316
19,train,high,F4,12.559289559588631
19,train,high,F8,22.33188729467905
19,train,high,AF4,46.277949868725784
19,train,low,AF3,75.65736009769059
19,train,low,F7,74.31391502930799
19,train,low,F3,78.71640847282876
19,train,low,FC5,98.46320804557045
19,train,low,T7,69.97714208015397
19,train,low,P7,65.3197863726414
19,train,low,O1,68.7640688517472
19,train,low,O2,77.12415287240032
19,train,low,P8,76.65843393372495
19,train,low,T8,76.43758167898461
19,train,low,FC6,73.44816248907219
19,train,low,F4,65.96669645039992
19,train,low,F8,75.95585667711619
19,train,low,AF4,71.92051556662216
20,test,high,AF3,15.951223084268863
20,test,high,F7,66.64402865306607
20,test,high,F3,6.5311893517616975
20,test,high,FC5,7.076809144464226
20,test,high,T7,10.102601834133152
20,test,high,P7,24.562815963619133
20,test,high,O1,10.324949673259328
20,test,high,O2,8.832266217298736
20,test,high,P8,5.504733644245018
20,test,high,T8,12.430767830270025
20,test,high,FC6,11.345941097848325
20,test,high,F4,5.948399234757782
20,test,high,F8,20.116664657815793
20,test,high,AF4,15.520335467869103
20,test,low,AF3,16.775999269088185
20,test,low,F7,19.687416946696004
20,test,low,F3,7.330847472765513
20,test,low,FC5,8.6678686928779
20,test,low,T7,6.029787390454326
20,test,low,P7,6.590791690402943
20,test,low,O1,6.403298007898385
20,test,low,O2,7.566610647404555
20,test,low,P8,8.067864595801455
20,test,low,T8,8.452391831835685
20,test,low,FC6,10.746454972184782
20,test,low,F4,8.20557270629102
20,test,low,F8,13.04677478888475
20,test,low,AF4,14.68681338679438
21,train,high,AF3,21.92022958754861
21,train,high,F7,24.307962029389305
21,train,high,F3,18.71264184785048
21,train,high,FC5,18.774444292745883
21,train,high,T7,128.84515833252237
21,train,high,P7,20.81471877567034
21,train,high,O1,26.878768465304724
21,train,high,O2,21.324790539704285
21,train,high,P8,22.116752174516332
21,train,high,T8,78.07535018129433
21,train,high,FC6,25.96422561762783
21,train,high,F4,24.29635174816425
21,train,high,F8,28.662711997856405
21,train,high,AF4,23.739211425936634
21,train,low,AF3,10.053790191487863
21,train,low,F7,11.091812580208513
21,train,low,F3,9.32642699400574
21,train,low,FC5,8.785708363048569
21,train,low,T7,6.6384497046264155
21,train,low,P7,10.73491946669199
21,train,low,O1,15.972330853863035
21,train,low,O2,12.810104626719225
21,train,low,P8,11.28410851060939
21,train,low,T8,11.28671183156451
21,train,low,FC6,14.943907338260576
21,train,low,F4,32.88852023012324
21,train,low,F8,11.914811682512017
21,train,low,AF4,12.460938094875685
22,train,high,AF3,29.168441805593645
22,train,high,F7,42.71818718610623
22,train,high,F3,51.031989292608486
22,train,high,FC5,51.99752277447062
22,train,high,T7,101.43819303187091
22,train,high,P7,10.266460028042852
22,train,high,O1,12.32708779742267
22,train,high,O2,15.992133436873054
22,train,high,P8,120.2645065531708
22,train,high,T8,57.64018715709642
22,train,high,FC6,41.21733087610109
22,train,high,F4,22.386115825552107
22,train,high,F8,27.956690926449955
22,train,high,AF4,25.943114589852247
22,train,low,AF3,21.545292473609514
22,train,low,F7,32.251471999915765
22,train,low,F3,15.2681773286094
22,train,low,FC5,16.030212581630824
22,train,low,T7,11.321523834931144
22,train,low,P7,9.509498066011558
22,train,low,O1,16.938220049031173
22,train,low,O2,18.867926199340346
22,train,low,P8,86.05938878704482
22,train,low,T8,20.02517777725137
22,train,low,FC6,18.767506302837383
22,train,low,F4,20.619903209595968
22,train,low,F8,57.706210275233694
22,train,low,AF4,30.120272183166968
23,train,high,AF3,13.376768452491117
23,train,high,F7,14.1851628029212
23,train,high,F3,170.56181903513044
23,train,high,FC5,10.031552781382716
23,train,high,T7,9.62943409289531
23,train,high,P7,10.737241955245178
23,train,high,O1,12.474071746609768
23,train,high,O2,14.007395665574592
23,train,high,P8,15.96095369783253
23,train,high,T8,15.122788212664362
23,train,high,FC6,16.674549824749697
23,train,high,F4,103.81642488359128
23,train,high,F8,22.866287123088284
23,train,high,AF4,15.702503603684447
23,train,low,AF3,13.02866306596956
23,train,low,F7,10.98321507163947
23,train,low,F3,7.114022494195527
23,train,low,FC5,10.028252558271559
23,train,low,T7,6.187025178188969
23,train,low,P7,4.88524478362205
23,train,low,O1,5.451496560346588
23,train,low,O2,7.099744632269987
23,train,low,P8,14.511478528685576
23,train,low,T8,11.051803258562618
23,train,low,FC6,8.060310944543259
23,train,low,F4,8.784374864320867
23,train,low,F8,10.893891670769309
23,train,low,AF4,19.204762596306303
24,train,high,AF3,15.323366756657496
24,train,high,F7,37.629618964223894
24,train,high,F3,13.630364451401768
24,train,high,FC5,13.672552877265137
24,train,high,T7,11.294450709012064
24,train,high,P7,11.327231798703757
24,train,high,O1,43.08016632684654
24,train,high,O2,15.103909502707673
24,train,high,P8,17.097985246748404
24,train,high,T8,18.046634327212036
24,train,high,FC6,18.37366362074602
24,train,high,F4,74.94356488166768
24,train,high,F8,22.55085653796071
24,train,high,AF4,19.682109490841167
24,train,low,AF3,16.128378110898524
24,train,low,F7,15.32238495742387
24,train,low,F3,12.158950637839748
24,train,low,FC5,10.604987378109604
24,train,low,T7,9.130578594665042
24,train,low,P7,8.511019055954039
24,train,low,O1,19.69051871719019
24,train,low,O2,17.21776710103944
24,train,low,P8,15.083062257086093
24,train,low,T8,15.01709975247475
24,train,low,FC6,14.823486572070756
24,train,low,F4,15.03448564833775
24,train,low,F8,16.087304901536225
24,train,low,AF4,18.873529284222307
25,test,high,AF3,19.48561823065588
25,test,high,F7,51.96762496321853
25,test,high,F3,71.12799094823501
25,test,high,FC5,21.940293626921854
25,test,high,T7,24.092722236061245
25,test,high,P7,22.36802247025111
25,test,high,O1,51.538793514046276
25,test,high,O2,22.652017488715217
25,test,high,P8,34.15111599924842
25,test,high,T8,25.498921868803293
25,test,high,FC6,22.61035718773899
25,test,high,F4,23.937265004525546
25,test,high,F8,24.63737249402072
25,test,high,AF4,21.561092557374916
25,test,low,AF3,8.05941088436624
25,test,low,F7,12.160686087269754
25,test,low,F3,7.175084037992196
25,test,low,FC5,8.263468503403407
25,test,low,T7,5.932626721817636
25,test,low,P7,5.69440446745098
25,test,low,O1,29.025940121919568
25,test,low,O2,11.89485888467618
25,test,low,P8,14.686727268034758
25,test,low,T8,8.530028114607093
25,test,low,FC6,14.20842993181418
25,test,low,F4,6.778403688830602
25,test,low,F8,9.504093387562827
25,test,low,AF4,9.24833216703046
26,test,high,AF3,12.72505941605712
26,test,high,F7,20.939826038743142
26,test,high,F3,9.090489713932556
26,test,high,FC5,7.54917354351297
26,test,high,T7,352.9992183602824
26,test,high,P7,4.681440920177795
26,test,high,O1,22.0581415082522
26,test,high,O2,8.852725227639178
26,test,high,P8,11.699267508683747
26,test,high,T8,9.587517483311467
26,test,high,FC6,23.782573242399405
26,test,high,F4,9.273257211254466
26,test,high,F8,15.413926359024407
26,test,high,AF4,15.626945597091206
26,test,low,AF3,22.502876972626144
26,test,low,F7,20.24440122032186
26,test,low,F3,12.832680309486776
26,test,low,FC5,15.677816228563005
26,test,low,T7,22.718882398142593
26,test,low,P7,13.584618936226
26,test,low,O1,19.11989544576098
26,test,low,O2,19.70147808906239
26,test,low,P8,21.574166962959254
26,test,low,T8,20.97331793266945
26,test,low,FC6,21.639037435700228
26,test,low,F4,20.55352101149798
26,test,low,F8,24.291644958956105
26,test,low,AF4,25.34316123414951
27,test,high,AF3,32.29437024113465
27,test,high,F7,33.78324740451209
27,test,high,F3,120.11097855023553
27,test,high,FC5,19.902547380244712
27,test,high,T7,12.914392031942082
27,test,high,P7,13.692849967836658
27,test,high,O1,15.870433764389523
27,test,high,O2,19.337369843598005
27,test,high,P8,21.748218810564
27,test,high,T8,24.331665774711595
27,test,high,FC6,34.19718249623241
27,test,high,F4,26.48439968576808
27,test,high,F8,44.96035032130186
27,test,high,AF4,52.044254193643745
27,test,low,AF3,83.05685064653785
27,test,low,F7,43.95542770043088
27,test,low,F3,12.70038775732176
27,test,low,FC5,12.362460322164232
27,test,low,T7,11.02148606503696
27,test,low,P7,18.172358857059447
27,test,low,O1,11.394368126323027
27,test,low,O2,15.847281693782183
27,test,low,P8,13.653200521357824
27,test,low,T8,17.127465520778802
27,test,low,FC6,27.389696353861694
27,test,low,F4,13.781720145866464
27,test,low,F8,15.005564240421288
27,test,low,AF4,27.607152938067674
28,test,high,AF3,12.742866855153958
28,test,high,F7,54.53621789242349
28,test,high,F3,13.690468817138296
28,test,high,FC5,17.254543092757828
28,test,high,T7,28.442569354742176
28,test,high,P7,11.638519860320686
28,test,high,O1,11.271860459544317
28,test,high,O2,13.96485540836869
28,test,high,P8,15.465392388377406
28,test,high,T8,20.3855605607487
28,test,high,FC6,43.1524972484891
28,test,high,F4,18.15564719176561
28,test,high,F8,68.9106897118071
28,test,high,AF4,26.518550943481607
28,test,low,AF3,25.426478770761083
28,test,low,F7,56.30414000394438
28,test,low,F3,11.587338338624605
28,test,low,FC5,13.069583991447685
28,test,low,T7,9.4435503403758
28,test,low,P7,10.160647195243453
28,test,low,O1,12.662331514962895
28,test,low,O2,9.728832091327865
28,test,low,P8,11.068605101759765
28,test,low,T8,12.042240924835168
28,test,low,FC6,15.700424531111159
28,test,low,F4,15.00112548939225
28,test,low,F8,38.736737986208766
28,test,low,AF4,35.45550166925506
29,train,high,AF3,12.736431458831683
29,train,high,F7,23.543885299187536
29,train,high,F3,12.745875942465709
29,train,high,FC5,6.941664554229377
29,train,high,T7,23.533846195090764
29,train,high,P7,9.355610235234845
29,train,high,O1,12.02830381528639
29,train,high,O2,13.661156772518005
29,train,high,P8,8.509334464958084
29,train,high,T8,20.12085439645749
29,train,high,FC6,21.001341034880593
29,train,high,F4,14.5830502055916
29,train,high,F8,30.439758680000892
29,train,high,AF4,20.382771800150564
29,train,low,AF3,10.463499082744264
29,train,low,F7,34.93180428207555
29,train,low,F3,9.881840823784486
29,train,low,FC5,10.511800903809268
29,train,low,T7,13.014689877454027
29,train,low,P7,10.852519779595447
29,train,low,O1,8.869753173170746
29,train,low,O2,10.311946001437908
29,train,low,P8,8.470489513051216
29,train,low,T8,19.33719464841577
29,train,low,FC6,14.2642142083612
29,train,low,F4,15.271732063529214
29,train,low,F8,17.425658297729182
29,train,low,AF4,11.915462056243028
30,train,high,AF3,16.808020749642573
30,train,high,F7,17.62334050611717
30,train,high,F3,8.519934167745788
30,train,high,FC5,10.37874763450691
30,train,high,T7,6.789960240395123
30,train,high,P7,6.429215528507959
30,train,high,O1,7.72397306221779
30,train,high,O2,11.333070929634173
30,train,high,P8,11.206323056460219
30,train,high,T8,15.703721877601625
30,train,high,FC6,85.17428936046464
30,train,high,F4,14.745552954008476
30,train,high,F8,40.90026428701313
30,train,high,AF4,49.277694972249655
30,train,low,AF3,48.41571568379563
30,train,low,F7,127.54257831097428
30,train,low,F3,6.281428071818959
30,train,low,FC5,6.250018170202744
30,train,low,T7,5.663089144778366
30,train,low,P7,20.089543685208675
30,train,low,O1,7.9854903593994635
30,train,low,O2,7.50649539046335
30,train,low,P8,9.995004744149965
30,train,low,T8,18.026482599220838
30,train,low,FC6,10.61692580162706
30,train,low,F4,70.42819986277289
30,train,low,F8,14.675207304388747
30,train,low,AF4,18.099554750475427
31,train,high,AF3,64.6265904213706
31,train,high,F7,115.343694252053
31,train,high,F3,24.261387130468997
31,train,high,FC5,17.59427579924536
31,train,high,T7,18.35415843930299
31,train,high,P7,12.773787076999334
31,train,high,O1,13.110366768812876
31,train,high,O2,38.844187240495195
31,train,high,P8,16.059771848297963
31,train,high,T8,18.290756386235717
31,train,high,FC6,31.428405093864317
31,train,high,F4,24.04082104687432
31,train,high,F8,54.25964409517387
31,train,high,AF4,44.06906109757058
31,train,low,AF3,50.400685211377294
31,train,low,F7,25.415450966425965
31,train,low,F3,17.888953227677337
31,train,low,FC5,22.528932406638567
31,train,low,T7,6.8118138159425765
31,train,low,P7,6.686895342850489
31,train,low,O1,7.138702448318283
31,train,low,O2,9.902683322310232
31,train,low,P8,9.801347325080581
31,train,low,T8,10.347562528422749
31,train,low,FC6,16.59818623262691
31,train,low,F4,19.218910459588876
31,train,low,F8,27.343243144786488
31,train,low,AF4,39.269096364989494
32,train,high,AF3,29.981431471818308
32,train,high,F7,119.34287099304413
32,train,high,F3,28.639544519084758
32,train,high,FC5,23.040458535240102
32,train,high,T7,10.59405730203772
32,train,high,P7,14.4387351485007
32,train,high,O1,8.786695784086803
32,train,high,O2,9.76349697262001
32,train,high,P8,10.368856084176013
32,train,high,T8,21.23738359020526
32,train,high,FC6,15.985041902433151
32,train,high,F4,10.968558130984954
32,train,high,F8,139.33872138159623
32,train,high,AF4,137.35599318460342
32,train,low,AF3,21.91682346508573
32,train,low,F7,22.407486960258947
32,train,low,F3,9.989935922313053
32,train,low,FC5,20.94381314136427
32,train,low,T7,23.15521801858531
32,train,low,P7,6.684932779327864
32,train,low,O1,8.355715964551633
32,train,low,O2,8.90580633800485
32,train,low,P8,9.844356001157584
32,train,low,T8,21.954086113968547
32,train,low,FC6,13.393633007723386
32,train,low,F4,14.89598832853968
32,train,low,F8,22.543050137443746
32,train,low,AF4,32.99340599668891
33,train,high,AF3,92.41686110176465
33,train,high,F7,163.40084580289107
33,train,high,F3,61.04698866400657
33,train,high,FC5,160.63491706201427
33,train,high,T7,485.3679486327845
33,train,high,P7,91.01769934493767
33,train,high,O1,102.68077470135829
33,train,high,O2,86.5965386674561
33,train,high,P8,134.5780363525601
33,train,high,T8,249.80771338127118
33,train,high,FC6,202.82106088866863
33,train,high,F4,165.39703950392843
33,train,high,F8,229.5922526636404
33,train,high,AF4,99.9250770038769
33,train,low,AF3,13.18383924754146
33,train,low,F7,10.504415448571129
33,train,low,F3,8.256947673648039
33,train,low,FC5,7.106905837004007
33,train,low,T7,98.03260922181445
33,train,low,P7,12.970229743007062
33,train,low,O1,31.829682291221626
33,train,low,O2,8.987019162457665
33,train,low,P8,10.543437293463159
33,train,low,T8,17.14978837990306
33,train,low,FC6,19.890209885369043
33,train,low,F4,11.94703873486665
33,train,low,F8,25.540002907553134
33,train,low,AF4,11.466653855816855
34,validation,high,AF3,14.087926188341442
34,validation,high,F7,44.66732354738248
34,validation,high,F3,13.35147561627957
34,validation,high,FC5,7.15242279978026
34,validation,high,T7,463.00723147499235
34,validation,high,P7,13.212687186146685
34,validation,high,O1,13.643300088802128
34,validation,high,O2,12.238012716421087
34,validation,high,P8,22.46343724969928
34,validation,high,T8,21.055383585492
34,validation,high,FC6,52.618679724628606
34,validation,high,F4,14.493365077449328
34,validation,high,F8,54.61387194780978
34,validation,high,AF4,15.629034975072
34,validation,low,AF3,16.188145212912666
34,validation,low,F7,14.584787616870416
34,validation,low,F3,17.977717542767692
34,validation,low,FC5,17.21198153470971
34,validation,low,T7,17.545633260866513
34,validation,low,P7,13.726150244477504
34,validation,low,O1,26.57744694437966
34,validation,low,O2,14.145103032564434
34,validation,low,P8,17.41569799160876
34,validation,low,T8,15.929103123655679
34,validation,low,FC6,21.474946138800888
34,validation,low,F4,13.913915704645966
34,validation,low,F8,39.83434019494463
34,validation,low,AF4,14.854195389397239
35,validation,high,AF3,25.15296949919468
35,validation,high,F7,25.13577082645453
35,validation,high,F3,100.71681560214219
35,validation,high,FC5,24.126243545597436
35,validation,high,T7,26.598603970939934
35,validation,high,P7,22.931692539898545
35,validation,high,O1,25.337986225708097
35,validation,high,O2,21.164382401342912
35,validation,high,P8,24.26369025621403
35,validation,high,T8,28.68025305179969
35,validation,high,FC6,28.282182680051502
35,validation,high,F4,27.933825932323085
35,validation,high,F8,27.025651629823525
35,validation,high,AF4,23.03500343988717
35,validation,low,AF3,9.694914686867683
35,validation,low,F7,8.460480432772638
35,validation,low,F3,7.588489961398119
35,validation,low,FC5,7.027693824543764
35,validation,low,T7,6.002690152549263
35,validation,low,P7,6.543898872437204
35,validation,low,O1,8.430234218880866
35,validation,low,O2,6.1633546104738
35,validation,low,P8,9.617570084289376
35,validation,low,T8,16.140875195069437
35,validation,low,FC6,9.266524384220684
35,validation,low,F4,12.517607310371682
35,validation,low,F8,10.586430966550113
35,validation,low,AF4,10.059375590398156
36,train,high,AF3,25.049225006547488
36,train,high,F7,49.28773676785616
36,train,high,F3,12.382697650415668
36,train,high,FC5,13.721788482240138
36,train,high,T7,36.08557112804253
36,train,high,P7,7.612330989754329
36,train,high,O1,13.9122115028631
36,train,high,O2,10.920392890593451
36,train,high,P8,13.124757615974028
36,train,high,T8,33.01470201371447
36,train,high,FC6,26.2754217954603
36,train,high,F4,32.57254420684069
36,train,high,F8,43.418274170956714
36,train,high,AF4,41.69800530254884
36,train,low,AF3,24.576504019226242
36,train,low,F7,22.748715580839338
36,train,low,F3,14.7001935856318
36,train,low,FC5,13.713612464828719
36,train,low,T7,12.869934857342892
36,train,low,P7,6.807924564069311
36,train,low,O1,6.579849778621577
36,train,low,O2,8.247683284970755
36,train,low,P8,9.67690034739561
36,train,low,T8,11.315279638975063
36,train,low,FC6,16.353136297459322
36,train,low,F4,19.8139215393728
36,train,low,F8,29.47970793696266
36,train,low,AF4,34.02701042314166
37,train,high,AF3,13.88079066857114
37,train,high,F7,19.749027482123502
37,train,high,F3,38.3335526531654
37,train,high,FC5,11.200507447220298
37,train,high,T7,11.556447008571219
37,train,high,P7,10.935226242027253
37,train,high,O1,9.093497613078522
37,train,high,O2,12.748974268747487
37,train,high,P8,12.740582225760727
37,train,high,T8,17.264351592414133
37,train,high,FC6,15.43233240465777
37,train,high,F4,16.391898139902057
37,train,high,F8,19.851820067216046
37,train,high,AF4,21.61104589678065
37,train,low,AF3,35.47931501655283
37,train,low,F7,36.576275978137666
37,train,low,F3,33.39949350293375
37,train,low,FC5,35.609663469615896
37,train,low,T7,36.35949831893475
37,train,low,P7,35.691793444638115
37,train,low,O1,32.160315009634
37,train,low,O2,34.009609664614665
37,train,low,P8,35.65923239305237
37,train,low,T8,36.33843317576986
37,train,low,FC6,36.12995365298474
37,train,low,F4,36.890648492315705
37,train,low,F8,37.720999745769134
37,train,low,AF4,47.33095025615354
38,test,high,AF3,16.088652004198227
38,test,high,F7,17.987183689452248
38,test,high,F3,422.3809069595867
38,test,high,FC5,15.2213376802844
38,test,high,T7,12.150044493189904
38,test,high,P7,10.102254753904333
38,test,high,O1,11.90968753839308
38,test,high,O2,12.54363319656019
38,test,high,P8,18.090713768996608
38,test,high,T8,16.19903204344106
38,test,high,FC6,17.215280942353086
38,test,high,F4,17.2916984501033
38,test,high,F8,23.0120111606918
38,test,high,AF4,26.475598566855
38,test,low,AF3,31.609370183387544
38,test,low,F7,39.29519105828911
38,test,low,F3,80.7061034839004
38,test,low,FC5,40.79100377090139
38,test,low,T7,39.12240433131521
38,test,low,P7,14.178179522209275
38,test,low,O1,38.077225110123614
38,test,low,O2,43.13280696286766
38,test,low,P8,44.90928211018364
38,test,low,T8,42.86878678828227
38,test,low,FC6,43.067906386661214
38,test,low,F4,48.46697172612703
38,test,low,F8,44.04716917726915
38,test,low,AF4,41.45046623040178
39,validation,high,AF3,14.341274830078131
39,validation,high,F7,29.429552097483505
39,validation,high,F3,48.654841352942945
39,validation,high,FC5,11.997973006725434
39,validation,high,T7,14.256478705568336
39,validation,high,P7,6.583524958484878
39,validation,high,O1,8.184563111942152
39,validation,high,O2,10.5299707819491
39,validation,high,P8,11.673295636893537
39,validation,high,T8,12.424336600615552
39,validation,high,FC6,15.944913847121446
39,validation,high,F4,12.4258322659077
39,validation,high,F8,21.175934155876742
39,validation,high,AF4,14.925759292431838
39,validation,low,AF3,16.436087009380106
39,validation,low,F7,12.625513783944335
39,validation,low,F3,9.816319740066207
39,validation,low,FC5,9.65443371425615
39,validation,low,T7,6.517710830712093
39,validation,low,P7,6.4663033079408505
39,validation,low,O1,9.679232546604688
39,validation,low,O2,8.754891633628636
39,validation,low,P8,11.303998358831084
39,validation,low,T8,11.613686036559253
39,validation,low,FC6,13.753491461037223
39,validation,low,F4,11.902503216997088
39,validation,low,F8,18.826676961038835
39,validation,low,AF4,18.315452138770606
40,train,high,AF3,103.11935633427629
40,train,high,F7,13.648237882122746
40,train,high,F3,10.407439428937666
40,train,high,FC5,9.343829238720295
40,train,high,T7,7.573624878665831
40,train,high,P7,7.626138975388249
40,train,high,O1,9.2809766086082
40,train,high,O2,10.664423509323942
40,train,high,P8,9.565171665239369
40,train,high,T8,12.447461714735192
40,train,high,FC6,13.796616122493884
40,train,high,F4,12.968529785085755
40,train,high,F8,18.745029979510523
40,train,high,AF4,14.807367699447333
40,train,low,AF3,282.12007310904437
40,train,low,F7,11.293946028561994
40,train,low,F3,10.927917806305194
40,train,low,FC5,10.354902724629797
40,train,low,T7,5.318945433115682
40,train,low,P7,9.06626913245963
40,train,low,O1,10.557735492136535
40,train,low,O2,10.866878611941457
40,train,low,P8,10.447416360261201
40,train,low,T8,11.162628190273846
40,train,low,FC6,11.540593178877392
40,train,low,F4,12.318282761366072
40,train,low,F8,13.478841508007962
40,train,low,AF4,12.702002536274316
41,test,high,AF3,30.407081629478785
41,test,high,F7,18.837799253509914
41,test,high,F3,6.769453876470224
41,test,high,FC5,9.755259631097331
41,test,high,T7,8.839943245544438
41,test,high,P7,6.5823014026742515
41,test,high,O1,7.203515014758102
41,test,high,O2,14.166275295956758
41,test,high,P8,11.33454284062877
41,test,high,T8,14.024412579246333
41,test,high,FC6,17.075755667994983
41,test,high,F4,14.917790565434805
41,test,high,F8,26.83282294146867
41,test,high,AF4,15.957010343673922
41,test,low,AF3,16.432511766763355
41,test,low,F7,15.649599614368327
41,test,low,F3,213.88391719619736
41,test,low,FC5,34.38997818213102
41,test,low,T7,11.12713763905092
41,test,low,P7,8.573833667389415
41,test,low,O1,9.453968894590755
41,test,low,O2,10.521175598187225
41,test,low,P8,11.094046866897711
41,test,low,T8,13.074468613403218
41,test,low,FC6,11.666245787737182
41,test,low,F4,10.43228382025913
41,test,low,F8,13.998170069699265
41,test,low,AF4,15.045349317317335
42,train,high,AF3,20.722815656027716
42,train,high,F7,13.083729248829972
42,train,high,F3,7.6676572880881055
42,train,high,FC5,8.09606655774146
42,train,high,T7,8.236153255494918
42,train,high,P7,6.332632811854095
42,train,high,O1,7.275687655792903
42,train,high,O2,10.100025808264451
42,train,high,P8,8.857373146862722
42,train,high,T8,10.953021641270432
42,train,high,FC6,12.651722093012516
42,train,high,F4,10.833759528458627
42,train,high,F8,17.282894161451765
42,train,high,AF4,14.469607803471096
42,train,low,AF3,16.706838307880712
42,train,low,F7,19.583768151407188
42,train,low,F3,7.3910238205315695
42,train,low,FC5,7.6722575039211725
42,train,low,T7,9.952336267713084
42,train,low,P7,6.438810636034183
42,train,low,O1,6.139216833933053
42,train,low,O2,6.46157260185244
42,train,low,P8,7.190923775335003
42,train,low,T8,8.450373516519747
42,train,low,FC6,8.429172844162654
42,train,low,F4,7.615590909739709
42,train,low,F8,13.422040502655737
42,train,low,AF4,14.38286458660119
43,validation,high,AF3,38.375021121762344
43,validation,high,F7,17.580363420253637
43,validation,high,F3,13.81931010240317
43,validation,high,FC5,15.065587429106262
43,validation,high,T7,14.648329170955483
43,validation,high,P7,10.753207810028636
43,validation,high,O1,13.951144667766318
43,validation,high,O2,12.400056136640647
43,validation,high,P8,12.623462602095117
43,validation,high,T8,19.50278146767816
43,validation,high,FC6,18.15752263328447
43,validation,high,F4,16.659714336858666
43,validation,high,F8,20.1170896362917
43,validation,high,AF4,16.83814396537194
43,validation,low,AF3,18.055957882949368
43,validation,low,F7,21.958886850191128
43,validation,low,F3,40.77383420861655
43,validation,low,FC5,18.61864068130161
43,validation,low,T7,16.50145563435252
43,validation,low,P7,9.874264697674764
43,validation,low,O1,12.88179537512891
43,validation,low,O2,11.570577223937091
43,validation,low,P8,16.243433069474094
43,validation,low,T8,18.101618563276052
43,validation,low,FC6,14.726731539013443
43,validation,low,F4,29.334415444415974
43,validation,low,F8,20.464677328186195
43,validation,low,AF4,16.264334398153245
44,test,high,AF3,142.9249674791033
44,test,high,F7,136.35671444021378
44,test,high,F3,146.29500764248297
44,test,high,FC5,140.50696173787355
44,test,high,T7,133.93484053513345
44,test,high,P7,56.52086719727586
44,test,high,O1,131.34497212469626
44,test,high,O2,128.0479861913774
44,test,high,P8,122.08752407401496
44,test,high,T8,162.08241759736705
44,test,high,FC6,150.45018268679956
44,test,high,F4,144.4089166929259
44,test,high,F8,137.9426444442563
44,test,high,AF4,132.56525367332588
44,test,low,AF3,48.637486847308466
44,test,low,F7,53.93079344855532
44,test,low,F3,185.66471469780475
44,test,low,FC5,53.927919016055604
44,test,low,T7,38.89412578841226
44,test,low,P7,59.148279652978246
44,test,low,O1,45.653389520727934
44,test,low,O2,53.205550474860395
44,test,low,P8,46.432879812380015
44,test,low,T8,62.76542057153754
44,test,low,FC6,59.648505656817676
44,test,low,F4,64.68357625026465
44,test,low,F8,55.171458253920214
44,test,low,AF4,54.99415673723569
45,train,high,AF3,23.090143016266047
45,train,high,F7,30.32226753373461
45,train,high,F3,15.282684792393004
45,train,high,FC5,33.54397276597969
45,train,high,T7,18.51994613777808
45,train,high,P7,10.49536759322578
45,train,high,O1,10.907520081871795
45,train,high,O2,15.846731058084785
45,train,high,P8,7.067960740380521
45,train,high,T8,27.136944317866753
45,train,high,FC6,26.019417324416274
45,train,high,F4,16.85092702441947
45,train,high,F8,40.10417778280211
45,train,high,AF4,52.80928409915917
45,train,low,AF3,23.802757404615324
45,train,low,F7,27.377153049221114
45,train,low,F3,9.962367973308124
45,train,low,FC5,12.507856481025108
45,train,low,T7,10.428602475689644
45,train,low,P7,7.190682075510726
45,train,low,O1,8.122455811969326
45,train,low,O2,14.919411990658071
45,train,low,P8,16.652879237220134
45,train,low,T8,10.554679784227721
45,train,low,FC6,9.84420623406435
45,train,low,F4,9.710029942475478
45,train,low,F8,12.375092853955234
45,train,low,AF4,20.293921116060353
46,train,high,AF3,22.954374194960256
46,train,high,F7,69.40931997533379
46,train,high,F3,47.513302255737955
46,train,high,FC5,10.745540217952193
46,train,high,T7,14.236151436655362
46,train,high,P7,8.505264354608999
46,train,high,O1,8.381345448538355
46,train,high,O2,10.477051152902346
46,train,high,P8,11.692196979851856
46,train,high,T8,17.82808622473572
46,train,high,FC6,45.72838672606077
46,train,high,F4,13.121390558494683
46,train,high,F8,25.63572127519475
46,train,high,AF4,25.810712953914532
46,train,low,AF3,14.2814477187866
46,train,low,F7,19.344453513629205
46,train,low,F3,10.645082828587897
46,train,low,FC5,9.34711133905938
46,train,low,T7,9.077176122232865
46,train,low,P7,7.947915598870356
46,train,low,O1,13.637093769117302
46,train,low,O2,11.343142084155474
46,train,low,P8,13.591932230821872
46,train,low,T8,24.279299701177198
46,train,low,FC6,15.92602434455583
46,train,low,F4,13.356967075142723
46,train,low,F8,20.752198357308075
46,train,low,AF4,21.6415946292325
47,validation,high,AF3,15.331669689430926
47,validation,high,F7,18.767258731312534
47,validation,high,F3,9.05816677188166
47,validation,high,FC5,11.31896557879482
47,validation,high,T7,17.351279797537153
47,validation,high,P7,8.482431601941382
47,validation,high,O1,11.911542479279133
47,validation,high,O2,11.056219117996847
47,validation,high,P8,7.029645865766547
47,validation,high,T8,21.74409131716118
47,validation,high,FC6,14.300866163933065
47,validation,high,F4,28.631333694228136
47,validation,high,F8,22.522241348415317
47,validation,high,AF4,66.08533802041457
47,validation,low,AF3,13.36703478474074
47,validation,low,F7,19.28083330408327
47,validation,low,F3,9.564592724444877
47,validation,low,FC5,11.287242631544766
47,validation,low,T7,13.558431804751427
47,validation,low,P7,10.280397777836523
47,validation,low,O1,9.655320792369963
47,validation,low,O2,16.863264697667713
47,validation,low,P8,12.649757918418777
47,validation,low,T8,12.948501734525237
47,validation,low,FC6,52.488211944562835
47,validation,low,F4,10.674934702748063
47,validation,low,F8,21.171592459038827
47,validation,low,AF4,10.53884413921962
48,train,high,AF3,9.892899936506488
48,train,high,F7,27.747823289266293
48,train,high,F3,10.253003831072201
48,train,high,FC5,5.318375582812803
48,train,high,T7,8.479352058961922
48,train,high,P7,7.9748892246414345
48,train,high,O1,10.007840595546417
48,train,high,O2,13.245308604008844
48,train,high,P8,13.005101406655964
48,train,high,T8,16.263382451097552
48,train,high,FC6,16.00921720730648
48,train,high,F4,17.112790259725823
48,train,high,F8,33.06252416318905
48,train,high,AF4,23.622023303918706
48,train,low,AF3,9.315513335443317
48,train,low,F7,17.786730784259944
48,train,low,F3,9.756071552425407
48,train,low,FC5,8.564367858845646
48,train,low,T7,9.203280537602343
48,train,low,P7,6.868878566930152
48,train,low,O1,10.847916138284974
48,train,low,O2,10.373265190162925
48,train,low,P8,9.432851233896345
48,train,low,T8,11.115713667103636
48,train,low,FC6,12.644390762946362
48,train,low,F4,35.760864046723384
48,train,low,F8,19.022489675555597
48,train,low,AF4,13.567729791537795
