group,channel,n_subjects,median_ratio_high_over_low,frac_subjects_high_gt_low,median_abs_log2_ratio,between_subject_sd_log2,between_over_within
development,AF3,38,1.0229765495036673,0.5526315789473685,0.4445330937464359,0.9637326760410944,2.1679660965597596
development,F7,38,1.2518174258774462,0.6052631578947368,0.8124482448310473,0.8302247666605448,1.0218801898368237
development,F3,38,1.1735299513733093,0.6052631578947368,0.6758870197867396,1.2638785707747715,1.8699553827406818
development,FC5,38,1.1348666145378186,0.6578947368421053,0.7534041615305667,0.9175541343557753,1.2178777092121873
development,T7,38,1.2583663450770428,0.6578947368421053,0.7507027008029825,1.7438934461433266,2.3230147490850723
development,P7,38,1.0691056870207172,0.5789473684210527,0.32219556513948133,0.8100653677993768,2.514203966304416
development,O1,38,1.134064510858074,0.5789473684210527,0.5116540885123914,0.8133448504035834,1.5896381337796848
development,O2,38,1.0922219552457326,0.631578947368421,0.4053634798400175,0.7629191716843412,1.8820619262135754
development,P8,38,1.1105385518349216,0.6052631578947368,0.413205052925094,0.9108826562954861,2.2044325204818134
development,T8,38,1.3450866701106303,0.7631578947368421,0.6182906304832091,0.8509682351728504,1.3763240023672978
development,FC6,38,1.4266554560318534,0.7894736842105263,0.6609710170750126,0.7756153018117389,1.173448278025957
development,F4,38,1.0354592777606864,0.5263157894736842,0.4750280220498396,0.8338612302971506,1.7553937696114745
development,F8,38,1.530364698315235,0.8157894736842105,0.8299005165947022,0.7311081768522741,0.8809588164280235
development,AF4,38,1.0871978189805684,0.6052631578947368,0.436637091815993,0.7585391645625063,1.7372302508880049
test,AF3,10,0.8870786894690179,0.4,0.9854753148721489,1.0428213180056058,1.0581912121673964
test,F7,10,1.8660443697915972,0.7,1.2327940138679003,0.760040194147685,0.6165184009638831
test,F3,10,1.1280818755783577,0.6,1.442593772032014,1.9133792801115874,1.326346555216603
test,FC5,10,1.3195067774707734,0.6,1.2179356737227627,1.1212133143413354,0.9205850017630373
test,T7,10,2.343650197373451,0.7,1.638841991034194,1.5662302020433747,0.9556932337662415
test,P7,10,0.8616494850584977,0.4,0.6888142802798402,1.2726435449897457,1.8475858898754496
test,O1,10,1.2732531012015014,0.6,0.7587818300288934,1.3597049736394093,1.7919577404583258
test,O2,10,1.2833431285889687,0.7,0.7253817489710845,1.3225286776456266,1.823217470692588
test,P8,10,1.2094542037100244,0.6,0.851227768725898,1.379896309611541,1.621065900701224
test,T8,10,1.4456515834092865,0.8,0.9443848221499426,1.3636522951804892,1.4439582924215806
test,FC6,10,1.5275114857801562,0.9,0.9965800547906695,1.2939273968436302,1.2983677433875778
test,F4,10,1.3201248469551756,0.6,1.0453121632493916,1.3683123652604812,1.30899879803085
test,F8,10,2.2085672485387,0.8,1.1304175554607907,1.062380954457589,0.9398128588197058
test,AF4,10,1.1126009391266638,0.7,0.6721428503478817,1.0773549825927504,1.6028660901996394
all,AF3,48,1.0158229478862961,0.5208333333333334,0.5594755511224443,0.9737870855470733,1.7405355490394872
all,F7,48,1.2518174258774462,0.625,0.9113722838898517,0.8296312442213521,0.9103099346848486
all,F3,48,1.1646155138660785,0.6041666666666666,0.6758870197867396,1.4744330198357896,2.1814785262498644
all,FC5,48,1.1914401435671973,0.6458333333333334,0.8281115869899964,0.9676303503020245,1.1684782165881147
all,T7,48,1.3113177525448068,0.6666666666666666,0.798584880203116,1.7002322740953721,2.1290564299976813
all,P7,48,1.0520079403065963,0.5416666666666666,0.41035724577712235,0.9647460295556483,2.350990605097373
all,O1,48,1.1693956886043138,0.5833333333333334,0.5954120438579928,0.995134035679282,1.6713367590471915
all,O2,48,1.1239444827360314,0.6458333333333334,0.4414515784427666,0.9226843862554684,2.090114593111808
all,P8,48,1.1105385518349216,0.6041666666666666,0.49430683930484876,1.050612136333611,2.1254250453242824
all,T8,48,1.394488742230918,0.7708333333333334,0.677062785391302,0.9751914075507994,1.4403264048653874
all,FC6,48,1.4679993548548658,0.8125,0.6771916073242601,0.9366530016739297,1.3831432515456907
all,F4,48,1.0428066475081792,0.5416666666666666,0.6165604098497189,0.9571588187108413,1.5524169301498618
all,F8,48,1.7355550656668965,0.8125,0.8966943662880402,0.8145428535301871,0.908384042716887
all,AF4,48,1.0914134165449392,0.625,0.4780271639652248,0.8373398349355904,1.7516574329999886
