group,condition,channel,exploratory_threshold,pct_windows_exceeding
development,low,AF3,100,48.079658605974394
development,low,F7,100,43.66998577524893
development,low,F3,100,16.78520625889047
development,low,FC5,100,19.203413940256045
development,low,T7,100,18.17211948790896
development,low,P7,100,8.428165007112376
development,low,O1,100,16.03840682788051
development,low,O2,100,17.74537695590327
development,low,P8,100,20.12802275960171
development,low,T8,100,25.675675675675674
development,low,FC6,100,28.733997155049785
development,low,F4,100,30.08534850640114
development,low,F8,100,49.8221906116643
development,low,AF4,100,48.71977240398293
development,high,AF3,100,50.81792318634424
development,high,F7,100,54.08961593172119
development,high,F3,100,19.096728307254622
development,high,FC5,100,23.577524893314365
development,high,T7,100,18.883357041251777
development,high,P7,100,7.859174964438122
development,high,O1,100,13.442389758179232
development,high,O2,100,14.331436699857752
development,high,P8,100,17.354196301564723
development,high,T8,100,34.246088193456615
development,high,FC6,100,45.305832147937416
development,high,F4,100,26.955903271692744
development,high,F8,100,80.65433854907539
development,high,AF4,100,56.685633001422474
test,low,AF3,100,38.78378378378378
test,low,F7,100,37.567567567567565
test,low,F3,100,29.324324324324323
test,low,FC5,100,19.594594594594593
test,low,T7,100,10.81081081081081
test,low,P7,100,11.756756756756758
test,low,O1,100,19.054054054054053
test,low,O2,100,13.378378378378377
test,low,P8,100,29.054054054054053
test,low,T8,100,19.864864864864863
test,low,FC6,100,28.10810810810811
test,low,F4,100,24.054054054054056
test,low,F8,100,44.729729729729726
test,low,AF4,100,51.75675675675676
test,high,AF3,100,45.13513513513514
test,high,F7,100,58.24324324324325
test,high,F3,100,31.756756756756754
test,high,FC5,100,24.594594594594597
test,high,T7,100,18.37837837837838
test,high,P7,100,11.486486486486488
test,high,O1,100,28.783783783783782
test,high,O2,100,17.56756756756757
test,high,P8,100,23.243243243243246
test,high,T8,100,34.18918918918919
test,high,FC6,100,49.86486486486486
test,high,F4,100,34.72972972972973
test,high,F8,100,72.16216216216216
test,high,AF4,100,58.513513513513516
all,low,AF3,100,46.14301801801802
all,low,F7,100,42.39864864864865
all,low,F3,100,19.39752252252252
all,low,FC5,100,19.28490990990991
all,low,T7,100,16.638513513513516
all,low,P7,100,9.121621621621621
all,low,O1,100,16.666666666666664
all,low,O2,100,16.835585585585587
all,low,P8,100,21.98761261261261
all,low,T8,100,24.46509009009009
all,low,FC6,100,28.603603603603606
all,low,F4,100,28.82882882882883
all,low,F8,100,48.76126126126126
all,low,AF4,100,49.35247747747748
all,high,AF3,100,49.63400900900901
all,high,F7,100,54.95495495495496
all,high,F3,100,21.734234234234233
all,high,FC5,100,23.789414414414413
all,high,T7,100,18.778153153153156
all,high,P7,100,8.614864864864865
all,high,O1,100,16.638513513513516
all,high,O2,100,15.005630630630632
all,high,P8,100,18.58108108108108
all,high,T8,100,34.234234234234236
all,high,FC6,100,46.25563063063063
all,high,F4,100,28.57545045045045
all,high,F8,100,78.88513513513513
all,high,AF4,100,57.06644144144144
development,low,AF3,150,23.044096728307252
development,low,F7,150,21.337126600284495
development,low,F3,150,7.0412517780938835
development,low,FC5,150,10.953058321479373
development,low,T7,150,12.731152204836416
development,low,P7,150,5.263157894736842
development,low,O1,150,7.930298719772404
development,low,O2,150,6.685633001422476
development,low,P8,150,8.57041251778094
development,low,T8,150,8.64153627311522
development,low,FC6,150,10.135135135135135
development,low,F4,150,9.495021337126602
development,low,F8,150,22.119487908961595
development,low,AF4,150,24.92887624466572
development,high,AF3,150,27.48933143669986
development,high,F7,150,24.679943100995732
development,high,F3,150,9.672830725462305
development,high,FC5,150,12.944523470839261
development,high,T7,150,13.975817923186346
development,high,P7,150,3.769559032716927
development,high,O1,150,6.827880512091039
development,high,O2,150,5.15647226173542
development,high,P8,150,6.0455192034139404
development,high,T8,150,11.948790896159316
development,high,FC6,150,18.207681365576104
development,high,F4,150,9.815078236130867
development,high,F8,150,43.77667140825036
development,high,AF4,150,28.52062588904694
test,low,AF3,150,15.0
test,low,F7,150,6.351351351351352
test,low,F3,150,23.64864864864865
test,low,FC5,150,7.972972972972974
test,low,T7,150,4.594594594594595
test,low,P7,150,2.837837837837838
test,low,O1,150,9.72972972972973
test,low,O2,150,4.054054054054054
test,low,P8,150,18.10810810810811
test,low,T8,150,7.297297297297297
test,low,FC6,150,6.891891891891892
test,low,F4,150,5.9459459459459465
test,low,F8,150,17.83783783783784
test,low,AF4,150,21.35135135135135
test,high,AF3,150,25.135135135135133
test,high,F7,150,34.45945945945946
test,high,F3,150,28.91891891891892
test,high,FC5,150,13.783783783783784
test,high,T7,150,12.297297297297298
test,high,P7,150,7.027027027027027
test,high,O1,150,12.297297297297298
test,high,O2,150,9.72972972972973
test,high,P8,150,12.432432432432433
test,high,T8,150,17.2972972972973
test,high,FC6,150,26.08108108108108
test,high,F4,150,15.54054054054054
test,high,F8,150,42.83783783783784
test,high,AF4,150,34.86486486486486
all,low,AF3,150,21.368243243243242
all,low,F7,150,18.21509009009009
all,low,F3,150,10.501126126126126
all,low,FC5,150,10.332207207207206
all,low,T7,150,11.036036036036036
all,low,P7,150,4.757882882882883
all,low,O1,150,8.30518018018018
all,low,O2,150,6.137387387387387
all,low,P8,150,10.557432432432433
all,low,T8,150,8.361486486486488
all,low,FC6,150,9.45945945945946
all,low,F4,150,8.75563063063063
all,low,F8,150,21.22747747747748
all,low,AF4,150,24.183558558558556
all,high,AF3,150,26.998873873873876
all,high,F7,150,26.71734234234234
all,high,F3,150,13.682432432432432
all,high,FC5,150,13.119369369369368
all,high,T7,150,13.626126126126126
all,high,P7,150,4.448198198198198
all,high,O1,150,7.967342342342343
all,high,O2,150,6.1092342342342345
all,high,P8,150,7.376126126126126
all,high,T8,150,13.063063063063062
all,high,FC6,150,19.847972972972975
all,high,F4,150,11.007882882882884
all,high,F8,150,43.58108108108108
all,high,AF4,150,29.84234234234234
development,low,AF3,200,14.224751066856332
development,low,F7,200,14.082503556187767
development,low,F3,200,4.480796586059744
development,low,FC5,200,8.072546230440967
development,low,T7,200,9.103840682788052
development,low,P7,200,3.0938833570412516
development,low,O1,200,4.267425320056899
development,low,O2,200,2.809388335704125
development,low,P8,200,4.409672830725462
development,low,T8,200,4.587482219061166
development,low,FC6,200,4.800853485064011
development,low,F4,200,5.014224751066856
development,low,F8,200,10.34850640113798
development,low,AF4,200,11.66429587482219
development,high,AF3,200,16.35846372688478
development,high,F7,200,13.40682788051209
development,high,F3,200,7.183499288762446
development,high,FC5,200,7.361308677098151
development,high,T7,200,11.593172119487908
development,high,P7,200,2.7738264580369845
development,high,O1,200,4.409672830725462
development,high,O2,200,3.0938833570412516
development,high,P8,200,3.911806543385491
development,high,T8,200,7.7524893314367
development,high,FC6,200,10.597439544807965
development,high,F4,200,5.725462304409673
development,high,F8,200,24.075391180654336
development,high,AF4,200,14.118065433854907
test,low,AF3,200,6.756756756756757
test,low,F7,200,3.5135135135135136
test,low,F3,200,23.10810810810811
test,low,FC5,200,3.9189189189189193
test,low,T7,200,2.7027027027027026
test,low,P7,200,1.891891891891892
test,low,O1,200,6.216216216216217
test,low,O2,200,3.1081081081081083
test,low,P8,200,12.837837837837837
test,low,T8,200,3.3783783783783785
test,low,FC6,200,3.3783783783783785
test,low,F4,200,2.9729729729729732
test,low,F8,200,6.081081081081082
test,low,AF4,200,5.675675675675676
test,high,AF3,200,19.054054054054053
test,high,F7,200,21.216216216216218
test,high,F3,200,26.891891891891888
test,high,FC5,200,9.864864864864865
test,high,T7,200,10.675675675675675
test,high,P7,200,6.216216216216217
test,high,O1,200,8.513513513513514
test,high,O2,200,7.567567567567568
test,high,P8,200,9.72972972972973
test,high,T8,200,10.945945945945947
test,high,FC6,200,18.783783783783782
test,high,F4,200,10.0
test,high,F8,200,26.62162162162162
test,high,AF4,200,19.18918918918919
all,low,AF3,200,12.66891891891892
all,low,F7,200,11.88063063063063
all,low,F3,200,8.361486486486488
all,low,FC5,200,7.207207207207207
all,low,T7,200,7.77027027027027
all,low,P7,200,2.8434684684684686
all,low,O1,200,4.673423423423424
all,low,O2,200,2.871621621621622
all,low,P8,200,6.16554054054054
all,low,T8,200,4.335585585585585
all,low,FC6,200,4.504504504504505
all,low,F4,200,4.588963963963964
all,low,F8,200,9.45945945945946
all,low,AF4,200,10.416666666666668
all,high,AF3,200,16.920045045045047
all,high,F7,200,15.033783783783782
all,high,F3,200,11.289414414414415
all,high,FC5,200,7.882882882882883
all,high,T7,200,11.402027027027026
all,high,P7,200,3.4909909909909906
all,high,O1,200,5.264639639639639
all,high,O2,200,4.025900900900901
all,high,P8,200,5.123873873873873
all,high,T8,200,8.417792792792794
all,high,FC6,200,12.302927927927929
all,high,F4,200,6.6159909909909915
all,high,F8,200,24.605855855855857
all,high,AF4,200,15.174549549549548
