subject,split,condition,exploratory_threshold,n_windows,pct_windows_any_channel
1,train,high,100,74,100.0
1,train,low,100,74,100.0
2,train,high,100,74,100.0
2,train,low,100,74,50.0
3,train,high,100,74,100.0
3,train,low,100,74,98.64864864864865
4,train,high,100,74,100.0
4,train,low,100,74,100.0
5,test,high,100,74,77.02702702702703
5,test,low,100,74,100.0
6,validation,high,100,74,100.0
6,validation,low,100,74,100.0
7,train,high,100,74,79.72972972972973
7,train,low,100,74,59.45945945945946
8,validation,high,100,74,100.0
8,validation,low,100,74,56.75675675675676
9,train,high,100,74,95.94594594594594
9,train,low,100,74,97.2972972972973
10,train,high,100,74,100.0
10,train,low,100,74,62.16216216216216
11,train,high,100,74,59.45945945945946
11,train,low,100,74,64.86486486486487
12,train,high,100,74,100.0
12,train,low,100,74,100.0
13,test,high,100,74,100.0
13,test,low,100,74,100.0
14,train,high,100,74,100.0
14,train,low,100,74,100.0
15,train,high,100,74,77.02702702702703
15,train,low,100,74,97.2972972972973
16,validation,high,100,74,100.0
16,validation,low,100,74,100.0
17,train,high,100,74,70.27027027027027
17,train,low,100,74,59.45945945945946
18,train,high,100,74,100.0
18,train,low,100,74,100.0
19,train,high,100,74,97.2972972972973
19,train,low,100,74,85.13513513513513
20,test,high,100,74,90.54054054054053
20,test,low,100,74,78.37837837837837
21,train,high,100,74,83.78378378378379
21,train,low,100,74,32.432432432432435
22,train,high,100,74,100.0
22,train,low,100,74,100.0
23,train,high,100,74,100.0
23,train,low,100,74,56.75675675675676
24,train,high,100,74,98.64864864864865
24,train,low,100,74,87.83783783783784
25,test,high,100,74,56.75675675675676
25,test,low,100,74,50.0
26,test,high,100,74,98.64864864864865
26,test,low,100,74,81.08108108108108
27,test,high,100,74,100.0
27,test,low,100,74,93.24324324324324
28,test,high,100,74,100.0
28,test,low,100,74,95.94594594594594
29,train,high,100,74,100.0
29,train,low,100,74,91.8918918918919
30,train,high,100,74,100.0
30,train,low,100,74,100.0
31,train,high,100,74,98.64864864864865
31,train,low,100,74,100.0
32,train,high,100,74,91.8918918918919
32,train,low,100,74,94.5945945945946
33,train,high,100,74,98.64864864864865
33,train,low,100,74,100.0
34,validation,high,100,74,77.02702702702703
34,validation,low,100,74,77.02702702702703
35,validation,high,100,74,83.78378378378379
35,validation,low,100,74,25.675675675675674
36,train,high,100,74,100.0
36,train,low,100,74,98.64864864864865
37,train,high,100,74,77.02702702702703
37,train,low,100,74,100.0
38,test,high,100,74,100.0
38,test,low,100,74,100.0
39,validation,high,100,74,82.43243243243244
39,validation,low,100,74,75.67567567567568
40,train,high,100,74,100.0
40,train,low,100,74,100.0
41,test,high,100,74,100.0
41,test,low,100,74,100.0
42,train,high,100,74,79.72972972972973
42,train,low,100,74,45.94594594594595
43,validation,high,100,74,95.94594594594594
43,validation,low,100,74,68.91891891891892
44,test,high,100,74,78.37837837837837
44,test,low,100,74,55.4054054054054
45,train,high,100,74,100.0
45,train,low,100,74,93.24324324324324
46,train,high,100,74,97.2972972972973
46,train,low,100,74,94.5945945945946
47,validation,high,100,74,91.8918918918919
47,validation,low,100,74,90.54054054054053
48,train,high,100,74,100.0
48,train,low,100,74,67.56756756756756
1,train,high,150,74,81.08108108108108
1,train,low,150,74,100.0
2,train,high,150,74,95.94594594594594
2,train,low,150,74,18.91891891891892
3,train,high,150,74,60.810810810810814
3,train,low,150,74,75.67567567567568
4,train,high,150,74,90.54054054054053
4,train,low,150,74,91.8918918918919
5,test,high,150,74,58.108108108108105
5,test,low,150,74,74.32432432432432
6,validation,high,150,74,90.54054054054053
6,validation,low,150,74,100.0
7,train,high,150,74,45.94594594594595
7,train,low,150,74,31.08108108108108
8,validation,high,150,74,87.83783783783784
8,validation,low,150,74,33.78378378378378
9,train,high,150,74,37.83783783783784
9,train,low,150,74,56.75675675675676
10,train,high,150,74,79.72972972972973
10,train,low,150,74,17.56756756756757
11,train,high,150,74,35.13513513513514
11,train,low,150,74,25.675675675675674
12,train,high,150,74,87.83783783783784
12,train,low,150,74,94.5945945945946
13,test,high,150,74,97.2972972972973
13,test,low,150,74,100.0
14,train,high,150,74,77.02702702702703
14,train,low,150,74,97.2972972972973
15,train,high,150,74,35.13513513513514
15,train,low,150,74,48.64864864864865
16,validation,high,150,74,91.8918918918919
16,validation,low,150,74,100.0
17,train,high,150,74,16.216216216216218
17,train,low,150,74,25.675675675675674
18,train,high,150,74,95.94594594594594
18,train,low,150,74,71.62162162162163
19,train,high,150,74,35.13513513513514
19,train,low,150,74,64.86486486486487
20,test,high,150,74,40.54054054054054
20,test,low,150,74,9.45945945945946
21,train,high,150,74,58.108108108108105
21,train,low,150,74,14.864864864864865
22,train,high,150,74,78.37837837837837
22,train,low,150,74,95.94594594594594
23,train,high,150,74,100.0
23,train,low,150,74,20.27027027027027
24,train,high,150,74,51.35135135135135
24,train,low,150,74,28.37837837837838
25,test,high,150,74,40.54054054054054
25,test,low,150,74,28.37837837837838
26,test,high,150,74,51.35135135135135
26,test,low,150,74,47.2972972972973
27,test,high,150,74,100.0
27,test,low,150,74,59.45945945945946
28,test,high,150,74,98.64864864864865
28,test,low,150,74,54.054054054054056
29,train,high,150,74,81.08108108108108
29,train,low,150,74,67.56756756756756
30,train,high,150,74,100.0
30,train,low,150,74,100.0
31,train,high,150,74,95.94594594594594
31,train,low,150,74,100.0
32,train,high,150,74,67.56756756756756
32,train,low,150,74,89.1891891891892
33,train,high,150,74,77.02702702702703
33,train,low,150,74,94.5945945945946
34,validation,high,150,74,62.16216216216216
34,validation,low,150,74,45.94594594594595
35,validation,high,150,74,50.0
35,validation,low,150,74,17.56756756756757
36,train,high,150,74,98.64864864864865
36,train,low,150,74,98.64864864864865
37,train,high,150,74,21.62162162162162
37,train,low,150,74,94.5945945945946
38,test,high,150,74,100.0
38,test,low,150,74,100.0
39,validation,high,150,74,41.891891891891895
39,validation,low,150,74,33.78378378378378
40,train,high,150,74,100.0
40,train,low,150,74,100.0
41,test,high,150,74,79.72972972972973
41,test,low,150,74,100.0
42,train,high,150,74,33.78378378378378
42,train,low,150,74,17.56756756756757
43,validation,high,150,74,75.67567567567568
43,validation,low,150,74,43.24324324324324
44,test,high,150,74,55.4054054054054
44,test,low,150,74,40.54054054054054
45,train,high,150,74,100.0
45,train,low,150,74,52.702702702702695
46,train,high,150,74,64.86486486486487
46,train,low,150,74,54.054054054054056
47,validation,high,150,74,71.62162162162163
47,validation,low,150,74,27.027027027027028
48,train,high,150,74,94.5945945945946
48,train,low,150,74,25.675675675675674
1,train,high,200,74,66.21621621621621
1,train,low,200,74,100.0
2,train,high,200,74,83.78378378378379
2,train,low,200,74,8.108108108108109
3,train,high,200,74,21.62162162162162
3,train,low,200,74,18.91891891891892
4,train,high,200,74,79.72972972972973
4,train,low,200,74,78.37837837837837
5,test,high,200,74,44.5945945945946
5,test,low,200,74,50.0
6,validation,high,200,74,72.97297297297297
6,validation,low,200,74,100.0
7,train,high,200,74,37.83783783783784
7,train,low,200,74,20.27027027027027
8,validation,high,200,74,54.054054054054056
8,validation,low,200,74,9.45945945945946
9,train,high,200,74,12.162162162162163
9,train,low,200,74,24.324324324324326
10,train,high,200,74,37.83783783783784
10,train,low,200,74,5.405405405405405
11,train,high,200,74,27.027027027027028
11,train,low,200,74,18.91891891891892
12,train,high,200,74,43.24324324324324
12,train,low,200,74,64.86486486486487
13,test,high,200,74,64.86486486486487
13,test,low,200,74,97.2972972972973
14,train,high,200,74,32.432432432432435
14,train,low,200,74,81.08108108108108
15,train,high,200,74,12.162162162162163
15,train,low,200,74,31.08108108108108
16,validation,high,200,74,67.56756756756756
16,validation,low,200,74,72.97297297297297
17,train,high,200,74,13.513513513513514
17,train,low,200,74,17.56756756756757
18,train,high,200,74,71.62162162162163
18,train,low,200,74,47.2972972972973
19,train,high,200,74,8.108108108108109
19,train,low,200,74,56.75675675675676
20,test,high,200,74,32.432432432432435
20,test,low,200,74,2.7027027027027026
21,train,high,200,74,43.24324324324324
21,train,low,200,74,6.756756756756757
22,train,high,200,74,56.75675675675676
22,train,low,200,74,70.27027027027027
23,train,high,200,74,100.0
23,train,low,200,74,13.513513513513514
24,train,high,200,74,24.324324324324326
24,train,low,200,74,12.162162162162163
25,test,high,200,74,32.432432432432435
25,test,low,200,74,17.56756756756757
26,test,high,200,74,35.13513513513514
26,test,low,200,74,10.81081081081081
27,test,high,200,74,100.0
27,test,low,200,74,47.2972972972973
28,test,high,200,74,55.4054054054054
28,test,low,200,74,9.45945945945946
29,train,high,200,74,47.2972972972973
29,train,low,200,74,43.24324324324324
30,train,high,200,74,98.64864864864865
30,train,low,200,74,100.0
31,train,high,200,74,74.32432432432432
31,train,low,200,74,95.94594594594594
32,train,high,200,74,52.702702702702695
32,train,low,200,74,58.108108108108105
33,train,high,200,74,64.86486486486487
33,train,low,200,74,79.72972972972973
34,validation,high,200,74,60.810810810810814
34,validation,low,200,74,28.37837837837838
35,validation,high,200,74,32.432432432432435
35,validation,low,200,74,4.054054054054054
36,train,high,200,74,78.37837837837837
36,train,low,200,74,60.810810810810814
37,train,high,200,74,14.864864864864865
37,train,low,200,74,70.27027027027027
38,test,high,200,74,100.0
38,test,low,200,74,98.64864864864865
39,validation,high,200,74,22.972972972972975
39,validation,low,200,74,14.864864864864865
40,train,high,200,74,100.0
40,train,low,200,74,100.0
41,test,high,200,74,56.75675675675676
41,test,low,200,74,100.0
42,train,high,200,74,12.162162162162163
42,train,low,200,74,13.513513513513514
43,validation,high,200,74,55.4054054054054
43,validation,low,200,74,35.13513513513514
44,test,high,200,74,45.94594594594595
44,test,low,200,74,31.08108108108108
45,train,high,200,74,91.8918918918919
45,train,low,200,74,22.972972972972975
46,train,high,200,74,51.35135135135135
46,train,low,200,74,20.27027027027027
47,validation,high,200,74,40.54054054054054
47,validation,low,200,74,16.216216216216218
48,train,high,200,74,59.45945945945946
48,train,low,200,74,14.864864864864865
