group,condition,exploratory_threshold,n_windows,pct_windows_any_channel,pct_windows_ge_half_channels,mean_pct_per_channel
development,low,100,2812,82.43243243243244,20.945945945945947,27.94909571225361
development,high,100,2812,93.06543385490754,24.751066856330013,33.09286730339362
development,both,100,5624,87.74893314366999,22.848506401137982,30.520981507823613
test,low,100,740,85.4054054054054,17.2972972972973,26.98841698841699
test,high,100,740,90.13513513513513,29.18918918918919,36.33204633204633
test,both,100,1480,87.77027027027027,23.243243243243246,31.66023166023166
all,low,100,3552,83.0518018018018,20.18581081081081,27.74895431145431
all,high,100,3552,92.45495495495496,25.675675675675674,33.767696267696266
all,both,100,7104,87.75337837837837,22.930743243243242,30.75832528957529
development,low,150,2812,59.88620199146515,5.405405405405405,12.776874618979884
development,high,150,2812,70.23470839260312,7.32574679943101,15.916480390164601
development,both,150,5624,65.06045519203414,6.365576102418208,14.346677504572241
test,low,150,740,61.35135135135135,3.5135135135135136,10.83011583011583
test,high,150,740,72.16216216216216,13.513513513513514,20.90733590733591
test,both,150,1480,66.75675675675676,8.513513513513514,15.86872586872587
all,low,150,3552,60.19144144144144,5.011261261261262,12.37129987129987
all,high,150,3552,70.63626126126125,8.614864864864865,16.956241956241957
all,both,150,7104,65.41385135135135,6.813063063063063,14.663770913770913
development,low,200,2812,43.06543385490754,2.844950213371266,7.211440764072343
development,high,200,2812,50.640113798008535,3.911806543385491,9.454379191221296
development,both,200,5624,46.85277382645804,3.3783783783783785,8.33290997764682
test,low,200,740,46.48648648648649,1.6216216216216217,6.11003861003861
test,high,200,740,56.75675675675676,8.783783783783784,14.662162162162161
test,both,200,1480,51.621621621621614,5.202702702702703,10.386100386100386
all,low,200,3552,43.778153153153156,2.59009009009009,6.981981981981981
all,high,200,3552,51.91441441441441,4.926801801801802,10.539333976833976
all,both,200,7104,47.84628378378378,3.7584459459459456,8.760657979407979
