group,condition,channel,n_windows,p50,p75,p90,p95,p99,max
development,low,AF3,2812,97.16724395751953,143.56613159179688,237.97085571289062,347.46728515625,1812.8720703125,5322.45947265625
development,low,F7,2812,91.10417175292969,138.66065979003906,247.05047607421875,343.5313720703125,840.7120361328125,3881.741943359375
development,low,F3,2812,60.3353271484375,85.76966094970703,125.03067016601562,187.1475067138672,3152.650634765625,7371.92626953125
development,low,FC5,2812,60.493499755859375,87.00700378417969,164.26861572265625,282.500244140625,753.3820190429688,4096.6015625
development,low,T7,2812,47.859527587890625,74.29510498046875,187.47447204589844,411.8101501464844,7824.21435546875,9450.3828125
development,low,P7,2812,41.72002410888672,58.07627868652344,86.43018341064453,156.39242553710938,369.94525146484375,3228.0341796875
development,low,O1,2812,53.911460876464844,80.59095764160156,129.40121459960938,183.0750732421875,421.3267517089844,3485.189453125
development,low,O2,2812,60.215538024902344,86.6649169921875,128.37759399414062,172.381103515625,301.31683349609375,4019.43212890625
development,low,P8,2812,61.638153076171875,86.38018035888672,142.27073669433594,191.26034545898438,502.7030029296875,3985.49072265625
development,low,T8,2812,70.97781372070312,100.94454193115234,144.45994567871094,192.02297973632812,335.5973815917969,3979.5107421875
development,low,FC6,2812,76.21719360351562,104.89281463623047,150.8338623046875,196.1622772216797,429.2539978027344,3859.529296875
development,low,F4,2812,75.72687530517578,108.65874481201172,147.9746856689453,199.8723907470703,493.7276306152344,4021.5068359375
development,low,F8,2812,99.55496215820312,144.69796752929688,201.62942504882812,252.23324584960938,544.5768432617188,3988.5419921875
development,low,AF4,2812,97.66661834716797,149.93089294433594,207.0679931640625,246.45436096191406,524.214111328125,3667.72119140625
development,high,AF3,2812,101.06855773925781,158.58712768554688,255.52731323242188,478.1324768066406,1105.01318359375,6691.583984375
development,high,F7,2812,104.59734344482422,149.10580444335938,230.02828979492188,343.91558837890625,1085.7078857421875,7649.681640625
development,high,F3,2812,63.18827438354492,88.06593322753906,147.3318634033203,301.39666748046875,1668.0076904296875,4793.48828125
development,high,FC5,2812,65.05233001708984,96.27571105957031,176.04322814941406,234.32640075683594,520.855224609375,9340.1943359375
development,high,T7,2812,52.50556182861328,80.37411499023438,234.07476806640625,502.50262451171875,5164.61328125,11105.9912109375
development,high,P7,2812,43.531463623046875,56.60716247558594,86.0967788696289,131.14541625976562,344.951416015625,6662.1171875
development,high,O1,2812,55.349613189697266,74.42274475097656,118.86407470703125,178.93069458007812,482.208984375,6524.9912109375
development,high,O2,2812,65.51856231689453,84.44835662841797,115.07169342041016,152.12074279785156,428.83038330078125,7191.63720703125
development,high,P8,2812,65.21119689941406,86.65388488769531,119.83935546875,168.08724975585938,447.96319580078125,6716.5947265625
development,high,T8,2812,88.33258056640625,111.59847259521484,166.72134399414062,286.8475341796875,1402.892578125,7758.8427734375
development,high,FC6,2812,96.35716247558594,130.17227172851562,205.78395080566406,336.59124755859375,853.1285400390625,8252.9443359375
development,high,F4,2812,78.85216522216797,102.508544921875,146.8622589111328,210.78550720214844,630.6133422851562,6944.8544921875
development,high,F8,2812,139.02349853515625,196.68423461914062,273.75848388671875,371.0264892578125,1036.6158447265625,8419.927734375
development,high,AF4,2812,108.03363037109375,159.10841369628906,226.7271728515625,321.2571105957031,909.7455444335938,6450.40234375
test,low,AF3,740,84.99449920654297,122.50942993164062,176.60317993164062,339.7806396484375,1500.217529296875,2618.10107421875
test,low,F7,740,87.53910827636719,115.22930145263672,138.4916229248047,157.54873657226562,1697.857666015625,2889.399658203125
test,low,F3,740,66.13591003417969,120.11048889160156,1035.0093994140625,1551.6363525390625,2903.418701171875,4215.716796875
test,low,FC5,740,63.24632263183594,87.67303466796875,129.92547607421875,176.32717895507812,586.2127685546875,2884.2119140625
test,low,T7,740,45.23601150512695,66.1181640625,106.77025604248047,138.61477661132812,346.8756408691406,2152.782470703125
test,low,P7,740,40.438812255859375,61.20610809326172,103.78080749511719,138.97789001464844,451.63330078125,3201.228271484375
test,low,O1,740,50.108741760253906,77.30239868164062,149.09034729003906,235.92173767089844,1557.552734375,2482.99658203125
test,low,O2,740,58.49974060058594,79.38594818115234,111.99040222167969,133.61117553710938,588.149658203125,2802.486572265625
test,low,P8,740,68.99027252197266,114.29450988769531,336.08038330078125,783.2420654296875,1304.02001953125,2531.638671875
test,low,T8,740,67.22370910644531,90.42829895019531,130.63693237304688,164.91188049316406,515.5755615234375,3377.0732421875
test,low,FC6,740,78.10293579101562,106.42552185058594,139.11065673828125,166.69677734375,603.09375,3166.387451171875
test,low,F4,740,72.62702941894531,98.87361907958984,129.76528930664062,157.3732147216797,586.5704345703125,3505.78076171875
test,low,F8,740,91.27910614013672,132.39781188964844,182.380859375,212.85269165039062,760.32275390625,2888.63134765625
test,low,AF4,740,104.99029541015625,144.6547393798828,172.44700622558594,206.12197875976562,690.122802734375,2900.16357421875
test,high,AF3,740,90.52704620361328,158.14820861816406,301.5470275878906,506.3108215332031,2494.408935546875,7967.14453125
test,high,F7,740,112.45126342773438,185.96356201171875,386.9252624511719,1134.55712890625,2244.96728515625,3358.916015625
test,high,F3,740,67.59526824951172,278.47369384765625,1827.9090576171875,2722.7177734375,3741.0869140625,5512.0419921875
test,high,FC5,740,65.81763458251953,98.88604736328125,191.530029296875,546.6101684570312,2239.55712890625,4933.310546875
test,high,T7,740,48.63832092285156,77.71359252929688,236.1957244873047,744.3898315429688,3378.63623046875,7698.6083984375
test,high,P7,740,38.7613525390625,57.42292022705078,107.58927917480469,243.91696166992188,1041.6875,9041.37109375
test,high,O1,740,63.54178237915039,106.03564453125,179.24435424804688,345.3913879394531,2509.94140625,8817.4990234375
test,high,O2,740,64.03071594238281,83.73513793945312,143.89405822753906,356.7041931152344,2333.04638671875,7858.5078125
test,high,P8,740,69.48646545410156,95.52642822265625,192.84873962402344,405.19683837890625,2399.239501953125,8018.91796875
test,high,T8,740,84.18760681152344,117.1424789428711,207.53677368164062,507.23150634765625,3290.503173828125,11178.875
test,high,FC6,740,99.60486602783203,156.9971466064453,340.2925109863281,677.1148681640625,2856.792724609375,10138.0078125
test,high,F4,740,81.76553344726562,118.07815551757812,200.327880859375,421.8269348144531,2694.44384765625,9589.4423828125
test,high,F8,740,132.57334899902344,209.7071533203125,310.851318359375,830.0985107421875,2810.975830078125,8595.353515625
test,high,AF4,740,117.54083251953125,174.8065185546875,303.0409240722656,634.4677734375,2462.349853515625,8343.38671875
all,low,AF3,3552,94.68607330322266,138.3972625732422,232.57052612304688,343.93499755859375,1765.97119140625,5322.45947265625
all,low,F7,3552,90.1073226928711,129.9088592529297,222.92984008789062,319.72369384765625,881.5,3881.741943359375
all,low,F3,3552,61.405574798583984,89.07814025878906,158.11175537109375,416.7584228515625,3066.5361328125,7371.92626953125
all,low,FC5,3552,61.274559020996094,87.12545013427734,154.7726287841797,265.7604064941406,731.8056030273438,4096.6015625
all,low,T7,3552,47.5085334777832,72.26943969726562,163.82940673828125,318.1822509765625,7550.1015625,9450.3828125
all,low,P7,3552,41.285125732421875,58.536827087402344,93.04507446289062,145.67933654785156,376.6689453125,3228.0341796875
all,low,O1,3552,53.23274612426758,80.0866470336914,134.4901123046875,191.06764221191406,515.698486328125,3485.189453125
all,low,O2,3552,59.93739318847656,85.07231140136719,124.76083374023438,163.84494018554688,339.7054138183594,4019.43212890625
all,low,P8,3552,62.89490509033203,91.37144470214844,155.16285705566406,243.33596801757812,977.2507934570312,3985.49072265625
all,low,T8,3552,69.78936767578125,98.73316955566406,142.3729248046875,186.5794219970703,371.04974365234375,3979.5107421875
all,low,FC6,3552,76.83778381347656,105.00873565673828,148.36587524414062,191.6188507080078,440.77056884765625,3859.529296875
all,low,F4,3552,74.99451446533203,106.3209228515625,143.087890625,188.740234375,496.1956481933594,4021.5068359375
all,low,F8,3552,97.99365234375,142.3939208984375,195.19593811035156,246.92738342285156,554.4931640625,3988.5419921875
all,low,AF4,3552,98.72376251220703,148.76272583007812,201.90379333496094,239.06016540527344,587.4193115234375,3667.72119140625
all,high,AF3,3552,99.51824188232422,158.58712768554688,269.2701416015625,490.61907958984375,1609.92822265625,7967.14453125
all,high,F7,3552,106.08152770996094,155.34722900390625,249.9375457763672,451.872802734375,1971.580322265625,7649.681640625
all,high,F3,3552,63.92924118041992,92.24858093261719,247.76992797851562,1007.6351318359375,2908.328857421875,5512.0419921875
all,high,FC5,3552,65.24928283691406,97.2737808227539,180.0348663330078,259.18084716796875,758.9699096679688,9340.1943359375
all,high,T7,3552,51.596641540527344,80.03459167480469,234.9783935546875,540.6431884765625,5159.62109375,11105.9912109375
all,high,P7,3552,42.63105010986328,56.71867752075195,89.81846618652344,141.52040100097656,470.7182312011719,9041.37109375
all,high,O1,3552,56.5938835144043,79.54409790039062,131.1824188232422,208.42575073242188,811.1778564453125,8817.4990234375
all,high,O2,3552,65.20844268798828,84.37626647949219,119.83493041992188,178.79547119140625,560.0343627929688,7858.5078125
all,high,P8,3552,66.60646057128906,88.03236389160156,128.5271759033203,203.58599853515625,744.1307373046875,8018.91796875
all,high,T8,3552,87.5611343383789,112.32254028320312,179.45391845703125,307.2662353515625,1576.5369873046875,11178.875
all,high,FC6,3552,96.70985412597656,135.20266723632812,233.64797973632812,383.50909423828125,1632.179931640625,10138.0078125
all,high,F4,3552,79.11905670166016,105.0226058959961,155.62574768066406,231.49046325683594,1464.019287109375,9589.4423828125
all,high,F8,3552,137.86642456054688,198.5615692138672,279.8645324707031,407.19500732421875,1563.0880126953125,8595.353515625
all,high,AF4,3552,109.69646453857422,161.04061889648438,235.93235778808594,363.189453125,1344.6519775390625,8343.38671875
