group,band,n_subjects,mean_change_pp_high_minus_low,sd_pp,n_subjects_increase,n_subjects_decrease
development,delta,38,2.1041627181074163,8.965163232612408,23,15
development,theta,38,3.011877066450006,2.512041662319469,32,6
development,alpha,38,-4.874923204820128,6.527685981902706,8,30
development,beta,38,-0.5034677752642935,3.3837636369246535,17,21
development,low_gamma,38,0.2623511955269992,1.4395028002393475,23,15
test,delta,10,0.17434925131028683,10.720605093603096,6,4
test,theta,10,2.530990154294031,1.194232253370799,10,0
test,alpha,10,-1.8285381646113237,3.2621350441596553,3,7
test,beta,10,-0.9433344062264929,5.695597131190478,3,7
test,low_gamma,10,0.06653316523349928,2.3673587346130627,3,7
all,delta,48,1.7021182458580137,9.268694817443501,29,19
all,theta,48,2.9116922930841778,2.2977766099970296,42,6
all,alpha,48,-4.240259654776627,6.094712333991503,11,37
all,beta,48,-0.5951066567147517,3.9061731361452194,20,28
all,low_gamma,48,0.2215557725491867,1.6464874033509023,26,22
