group,band,condition,n_subjects,mean_rel_power,sd_across_subjects
development,delta,low,38,0.5405798132216578,0.11706608236851102
development,delta,high,38,0.5616214404027318,0.07406844035628568
development,theta,low,38,0.1416574473414384,0.023910658512732885
development,theta,high,38,0.17177621800593842,0.02707285236731041
development,alpha,low,38,0.1582836409933635,0.09837528206172261
development,alpha,high,38,0.1095344089451622,0.04272349316658594
development,beta,low,38,0.1254503642565569,0.04157013439532967
development,beta,high,38,0.12041568650391393,0.03159925169410331
development,low_gamma,low,38,0.03402873418698351,0.015174552470568398
development,low_gamma,high,38,0.03665224614225351,0.014103863079341038
test,delta,low,10,0.5682886494885864,0.09980830428200152
test,delta,high,10,0.5700321420016892,0.06395492718892855
test,theta,low,10,0.1524369764227118,0.028255264968091585
test,theta,high,10,0.1777468779656521,0.027485507117067924
test,alpha,low,10,0.11653904372306971,0.03725918182274407
test,alpha,high,10,0.09825366207695649,0.021548685269752007
test,beta,low,10,0.1266174606040658,0.053566147587157074
test,beta,high,10,0.11718411654180087,0.025912864675689973
test,low_gamma,low,10,0.036117869761566314,0.02281898410645918
test,low_gamma,high,10,0.0367832014139013,0.013229123879727467
all,delta,low,48,0.5463524874439345,0.11324975565970027
all,delta,high,48,0.5633736699025147,0.07151239608761932
all,theta,low,48,0.1439031825667037,0.024950490390934475
all,theta,high,48,0.17302010549754546,0.026975186718996617
all,alpha,low,48,0.14958684989538565,0.0904321362728524
all,alpha,high,48,0.10718425334761934,0.03933558133085802
all,beta,low,48,0.1256935093289546,0.04370442005798848
all,beta,high,48,0.11974244276180705,0.030272146204964802
all,low_gamma,low,48,0.0344639707650216,0.01678448314087522
all,low_gamma,high,48,0.03667952849051346,0.01378808036099158
