fold,feature_set,variant,max_abs_diff_model_input
0,logabs,B_zscore,2.9493163467009254e-08
0,logabs,C_robust,2.148548006175588e-10
0,logabs_rms,B_zscore,3.358389266638895e-05
0,logabs_rms,C_robust,0.004221986563116786
0,relative,B_zscore,1.2434497875801753e-14
0,relative,C_robust,1.2101430968414206e-14
1,logabs,B_zscore,5.0834251918985274e-08
1,logabs,C_robust,2.397033682655092e-10
1,logabs_rms,B_zscore,1.5128653589158159e-05
1,logabs_rms,C_robust,0.0025246666902502546
1,relative,B_zscore,1.1324274851176597e-14
1,relative,C_robust,1.4210854715202004e-14
2,logabs,B_zscore,4.887318194590762e-08
2,logabs,C_robust,3.33342242697654e-10
2,logabs_rms,B_zscore,2.143581399488559e-05
2,logabs_rms,C_robust,0.003223356282936629
2,relative,B_zscore,1.1546319456101628e-14
2,relative,C_robust,1.0658141036401503e-14
3,logabs,B_zscore,3.4828573358680615e-08
3,logabs,C_robust,5.558620230772249e-10
3,logabs_rms,B_zscore,2.631861278978853e-05
3,logabs_rms,C_robust,0.0035030486147688555
3,relative,B_zscore,1.7763568394002505e-14
3,relative,C_robust,2.1316282072803006e-14
4,logabs,B_zscore,6.702282284720695e-09
4,logabs,C_robust,2.2721646786294514e-10
4,logabs_rms,B_zscore,2.2318827028577903e-05
4,logabs_rms,C_robust,0.003910593175670829
4,relative,B_zscore,1.7763568394002505e-14
4,relative,C_robust,1.9539925233402755e-14
