fold,feature_set,role,model,variant,n_train_subjects,n_val_subjects,n_train_windows,n_val_windows,accuracy,balanced_accuracy,f1,roc_auc
0,logabs,primary,LR_std,A_none,30,8,4440,1184,0.7179054054054054,0.7179054054054054,0.7235099337748344,0.7944439371804238
0,logabs,primary,LR_std,B_zscore,30,8,4440,1184,0.7179054054054054,0.7179054054054054,0.7235099337748344,0.7944439371804238
0,logabs,primary,LR_std,C_robust,30,8,4440,1184,0.7179054054054054,0.7179054054054054,0.7235099337748344,0.7944439371804238
0,logabs,primary,LR_nostd,A_none,30,8,4440,1184,0.7094594594594594,0.7094594594594594,0.714759535655058,0.7895133308984661
0,logabs,primary,LR_nostd,B_zscore,30,8,4440,1184,0.7094594594594594,0.7094594594594594,0.7152317880794702,0.7893735162527393
0,logabs,primary,LR_nostd,C_robust,30,8,4440,1184,0.7119932432432432,0.7119932432432432,0.7174813587406794,0.7891652209642074
0,logabs_rms,primary,LR_std,A_none,30,8,4440,1184,0.7136824324324325,0.7136824324324325,0.7246141348497157,0.7899185080350621
0,logabs_rms,primary,LR_std,B_zscore,30,8,4440,1184,0.7136824324324325,0.7136824324324325,0.7246141348497157,0.7902409377282689
0,logabs_rms,primary,LR_std,C_robust,30,8,4440,1184,0.7136824324324325,0.7136824324324325,0.7246141348497157,0.7899755752373996
0,logabs_rms,primary,LR_nostd,A_none,30,8,4440,1184,0.7119932432432432,0.7119932432432432,0.7229894394800975,0.7845855779766252
0,logabs_rms,primary,LR_nostd,B_zscore,30,8,4440,1184,0.7170608108108109,0.7170608108108109,0.7278635255889521,0.7875473657779402
0,logabs_rms,primary,LR_nostd,C_robust,30,8,4440,1184,0.7128378378378378,0.7128378378378378,0.7235772357723578,0.7851562499999999
0,relative,secondary_descriptive,LR_std,A_none,30,8,4440,1184,0.7635135135135135,0.7635135135135136,0.7577854671280276,0.8367250273922572
0,relative,secondary_descriptive,LR_std,B_zscore,30,8,4440,1184,0.7635135135135135,0.7635135135135136,0.7577854671280276,0.8367250273922572
0,relative,secondary_descriptive,LR_std,C_robust,30,8,4440,1184,0.7635135135135135,0.7635135135135136,0.7577854671280276,0.8367250273922572
0,relative,secondary_descriptive,LR_nostd,A_none,30,8,4440,1184,0.7601351351351351,0.7601351351351351,0.7597292724196277,0.8430823137326515
0,relative,secondary_descriptive,LR_nostd,B_zscore,30,8,4440,1184,0.7601351351351351,0.7601351351351351,0.7597292724196277,0.8430823137326515
0,relative,secondary_descriptive,LR_nostd,C_robust,30,8,4440,1184,0.7601351351351351,0.7601351351351351,0.7597292724196277,0.8430823137326515
1,logabs,primary,LR_std,A_none,30,8,4440,1184,0.7212837837837838,0.7212837837837838,0.7484756097560976,0.8253857742878012
1,logabs,primary,LR_std,B_zscore,30,8,4440,1184,0.7212837837837838,0.7212837837837838,0.7484756097560976,0.8253886276479181
1,logabs,primary,LR_std,C_robust,30,8,4440,1184,0.7212837837837838,0.7212837837837838,0.7484756097560976,0.8253857742878012
1,logabs,primary,LR_nostd,A_none,30,8,4440,1184,0.7347972972972973,0.7347972972972974,0.7603053435114504,0.8281107331994156
1,logabs,primary,LR_nostd,B_zscore,30,8,4440,1184,0.7322635135135135,0.7322635135135135,0.7581998474446987,0.8274801406135867
1,logabs,primary,LR_nostd,C_robust,30,8,4440,1184,0.7331081081081081,0.7331081081081081,0.7587786259541984,0.828236281044558
1,logabs_rms,primary,LR_std,A_none,30,8,4440,1184,0.7398648648648649,0.7398648648648649,0.76049766718507,0.8355522963842221
1,logabs_rms,primary,LR_std,B_zscore,30,8,4440,1184,0.7381756756756757,0.7381756756756757,0.7593167701863354,0.8357805651935719
1,logabs_rms,primary,LR_std,C_robust,30,8,4440,1184,0.7381756756756757,0.7381756756756757,0.7593167701863354,0.8357406181519357
1,logabs_rms,primary,LR_nostd,A_none,30,8,4440,1184,0.7533783783783784,0.7533783783783784,0.7725856697819314,0.8379034651205259
1,logabs_rms,primary,LR_nostd,B_zscore,30,8,4440,1184,0.7516891891891891,0.7516891891891893,0.7710280373831776,0.8372215120525931
1,logabs_rms,primary,LR_nostd,C_robust,30,8,4440,1184,0.7533783783783784,0.7533783783783784,0.7725856697819314,0.8380946402483566
1,relative,secondary_descriptive,LR_std,A_none,30,8,4440,1184,0.7423986486486487,0.7423986486486487,0.7673531655225019,0.83446801953981
1,relative,secondary_descriptive,LR_std,B_zscore,30,8,4440,1184,0.7423986486486487,0.7423986486486487,0.7673531655225019,0.83446801953981
1,relative,secondary_descriptive,LR_std,C_robust,30,8,4440,1184,0.7423986486486487,0.7423986486486487,0.7673531655225019,0.83446801953981
1,relative,secondary_descriptive,LR_nostd,A_none,30,8,4440,1184,0.7601351351351351,0.7601351351351351,0.7914831130690162,0.844426246347699
1,relative,secondary_descriptive,LR_nostd,B_zscore,30,8,4440,1184,0.7601351351351351,0.7601351351351351,0.7914831130690162,0.844426246347699
1,relative,secondary_descriptive,LR_nostd,C_robust,30,8,4440,1184,0.7601351351351351,0.7601351351351351,0.7914831130690162,0.844426246347699
2,logabs,primary,LR_std,A_none,30,8,4440,1184,0.8074324324324325,0.8074324324324325,0.8131147540983606,0.8584077109203797
2,logabs,primary,LR_std,B_zscore,30,8,4440,1184,0.8074324324324325,0.8074324324324325,0.8131147540983606,0.8584077109203797
2,logabs,primary,LR_std,C_robust,30,8,4440,1184,0.8074324324324325,0.8074324324324325,0.8131147540983606,0.8584077109203797
2,logabs,primary,LR_nostd,A_none,30,8,4440,1184,0.8057432432432432,0.8057432432432432,0.8123980424143556,0.8573947680788897
2,logabs,primary,LR_nostd,B_zscore,30,8,4440,1184,0.8074324324324325,0.8074324324324325,0.8140293637846656,0.8577029309715121
2,logabs,primary,LR_nostd,C_robust,30,8,4440,1184,0.8057432432432432,0.8057432432432432,0.8123980424143556,0.8573462609569029
2,logabs_rms,primary,LR_std,A_none,30,8,4440,1184,0.825168918918919,0.8251689189189189,0.8285004142502072,0.8690764243973702
2,logabs_rms,primary,LR_std,B_zscore,30,8,4440,1184,0.825168918918919,0.8251689189189189,0.8285004142502072,0.8690735710372535
2,logabs_rms,primary,LR_std,C_robust,30,8,4440,1184,0.825168918918919,0.8251689189189189,0.8285004142502072,0.8689166362308255
2,logabs_rms,primary,LR_nostd,A_none,30,8,4440,1184,0.8268581081081081,0.8268581081081081,0.8307184145334434,0.867007738312637
2,logabs_rms,primary,LR_nostd,B_zscore,30,8,4440,1184,0.8260135135135135,0.8260135135135136,0.8297520661157025,0.8672074735208182
2,logabs_rms,primary,LR_nostd,C_robust,30,8,4440,1184,0.8277027027027027,0.8277027027027026,0.8316831683168316,0.8673216079254931
2,relative,secondary_descriptive,LR_std,A_none,30,8,4440,1184,0.7956081081081081,0.7956081081081081,0.7931623931623931,0.8719440513148284
2,relative,secondary_descriptive,LR_std,B_zscore,30,8,4440,1184,0.7956081081081081,0.7956081081081081,0.7931623931623931,0.8719440513148284
2,relative,secondary_descriptive,LR_std,C_robust,30,8,4440,1184,0.7956081081081081,0.7956081081081081,0.7931623931623931,0.8719440513148284
2,relative,secondary_descriptive,LR_nostd,A_none,30,8,4440,1184,0.8065878378378378,0.8065878378378378,0.808688387635756,0.8768718042366691
2,relative,secondary_descriptive,LR_nostd,B_zscore,30,8,4440,1184,0.8065878378378378,0.8065878378378378,0.808688387635756,0.8768718042366691
2,relative,secondary_descriptive,LR_nostd,C_robust,30,8,4440,1184,0.8065878378378378,0.8065878378378378,0.808688387635756,0.8768718042366691
3,logabs,primary,LR_std,A_none,31,7,4588,1036,0.806949806949807,0.8069498069498069,0.8220640569395018,0.8948808157302366
3,logabs,primary,LR_std,B_zscore,31,7,4588,1036,0.806949806949807,0.8069498069498069,0.8220640569395018,0.8948808157302366
3,logabs,primary,LR_std,C_robust,31,7,4588,1036,0.806949806949807,0.8069498069498069,0.8220640569395018,0.8948808157302366
3,logabs,primary,LR_nostd,A_none,31,7,4588,1036,0.806949806949807,0.8069498069498069,0.8214285714285714,0.8956150027578599
3,logabs,primary,LR_nostd,B_zscore,31,7,4588,1036,0.806949806949807,0.8069498069498069,0.8207885304659498,0.8959131497741537
3,logabs,primary,LR_nostd,C_robust,31,7,4588,1036,0.806949806949807,0.8069498069498069,0.8207885304659498,0.8959690523397088
3,logabs_rms,primary,LR_std,A_none,31,7,4588,1036,0.8040540540540541,0.8040540540540541,0.8220858895705522,0.8918769845410772
3,logabs_rms,primary,LR_std,B_zscore,31,7,4588,1036,0.8040540540540541,0.8040540540540541,0.8220858895705522,0.891925433431225
3,logabs_rms,primary,LR_std,C_robust,31,7,4588,1036,0.8040540540540541,0.8040540540540541,0.8220858895705522,0.891891891891892
3,logabs_rms,primary,LR_nostd,A_none,31,7,4588,1036,0.803088803088803,0.803088803088803,0.8213660245183888,0.8917838135984855
3,logabs_rms,primary,LR_nostd,B_zscore,31,7,4588,1036,0.8040540540540541,0.8040540540540541,0.8211453744493392,0.8916272864149312
3,logabs_rms,primary,LR_nostd,C_robust,31,7,4588,1036,0.8040540540540541,0.8040540540540541,0.8220858895705522,0.8916645547919679
3,relative,secondary_descriptive,LR_std,A_none,31,7,4588,1036,0.7963320463320464,0.7963320463320464,0.7879396984924623,0.8601206004680909
3,relative,secondary_descriptive,LR_std,B_zscore,31,7,4588,1036,0.7963320463320464,0.7963320463320464,0.7879396984924623,0.8601206004680909
3,relative,secondary_descriptive,LR_std,C_robust,31,7,4588,1036,0.7963320463320464,0.7963320463320464,0.7879396984924623,0.8601206004680909
3,relative,secondary_descriptive,LR_nostd,A_none,31,7,4588,1036,0.7683397683397684,0.7683397683397684,0.7408207343412527,0.8422317794904668
3,relative,secondary_descriptive,LR_nostd,B_zscore,31,7,4588,1036,0.7683397683397684,0.7683397683397684,0.7408207343412527,0.8422317794904668
3,relative,secondary_descriptive,LR_nostd,C_robust,31,7,4588,1036,0.7683397683397684,0.7683397683397684,0.7408207343412527,0.8422317794904668
4,logabs,primary,LR_std,A_none,31,7,4588,1036,0.7393822393822393,0.7393822393822393,0.7019867549668874,0.8139376276441913
4,logabs,primary,LR_std,B_zscore,31,7,4588,1036,0.7393822393822393,0.7393822393822393,0.7019867549668874,0.8139376276441913
4,logabs,primary,LR_std,C_robust,31,7,4588,1036,0.7393822393822393,0.7393822393822393,0.7019867549668874,0.8139376276441913
4,logabs,primary,LR_nostd,A_none,31,7,4588,1036,0.7567567567567568,0.7567567567567568,0.7224669603524229,0.8310438127040444
4,logabs,primary,LR_nostd,B_zscore,31,7,4588,1036,0.7567567567567568,0.7567567567567568,0.7224669603524229,0.8304065234567165
4,logabs,primary,LR_nostd,C_robust,31,7,4588,1036,0.7557915057915058,0.7557915057915058,0.721058434399118,0.8311556178351546
4,logabs_rms,primary,LR_std,A_none,31,7,4588,1036,0.7065637065637066,0.7065637065637065,0.680672268907563,0.7368181750421132
4,logabs_rms,primary,LR_std,B_zscore,31,7,4588,1036,0.7075289575289575,0.7075289575289575,0.6820566631689402,0.7369635217125565
4,logabs_rms,primary,LR_std,C_robust,31,7,4588,1036,0.7065637065637066,0.7065637065637065,0.680672268907563,0.7370343316289263
4,logabs_rms,primary,LR_nostd,A_none,31,7,4588,1036,0.7171814671814671,0.7171814671814671,0.6994871794871795,0.7426208613467301
4,logabs_rms,primary,LR_nostd,B_zscore,31,7,4588,1036,0.7191119691119691,0.7191119691119692,0.7015384615384616,0.7433811362382792
4,logabs_rms,primary,LR_nostd,C_robust,31,7,4588,1036,0.7181467181467182,0.7181467181467182,0.7002053388090349,0.7429711840908753
4,relative,secondary_descriptive,LR_std,A_none,31,7,4588,1036,0.6824324324324325,0.6824324324324325,0.6719840478564307,0.7510472413947318
4,relative,secondary_descriptive,LR_std,B_zscore,31,7,4588,1036,0.6824324324324325,0.6824324324324325,0.6719840478564307,0.7510472413947318
4,relative,secondary_descriptive,LR_std,C_robust,31,7,4588,1036,0.6824324324324325,0.6824324324324325,0.6719840478564307,0.7510472413947318
4,relative,secondary_descriptive,LR_nostd,A_none,31,7,4588,1036,0.6727799227799228,0.6727799227799227,0.6692682926829269,0.7447004367853789
4,relative,secondary_descriptive,LR_nostd,B_zscore,31,7,4588,1036,0.6727799227799228,0.6727799227799227,0.6692682926829269,0.7447004367853789
4,relative,secondary_descriptive,LR_nostd,C_robust,31,7,4588,1036,0.6727799227799228,0.6727799227799227,0.6692682926829269,0.7447004367853789
