feature_set,role,model,variant,n_folds,accuracy_mean,accuracy_sd,accuracy_n_valid,balanced_accuracy_mean,balanced_accuracy_sd,balanced_accuracy_n_valid,f1_mean,f1_sd,f1_n_valid,roc_auc_mean,roc_auc_sd,roc_auc_n_valid
logabs,primary,LR_std,A_none,5,0.7585907335907336,0.04511147915191693,5,0.7585907335907336,0.045111479151916906,5,0.7618302219071363,0.05358695925422274,5,0.8374111731526064,0.03964030568725665,5
logabs,primary,LR_std,B_zscore,5,0.7585907335907336,0.04511147915191693,5,0.7585907335907336,0.045111479151916906,5,0.7618302219071363,0.05358695925422274,5,0.8374117438246298,0.03964008930629104,5
logabs,primary,LR_std,C_robust,5,0.7585907335907336,0.04511147915191693,5,0.7585907335907336,0.045111479151916906,5,0.7618302219071363,0.05358695925422274,5,0.8374111731526064,0.03964030568725665,5
logabs,primary,LR_nostd,A_none,5,0.7627413127413127,0.04318331791818436,5,0.7627413127413127,0.04318331791818432,5,0.7662716906723717,0.04944157064443517,5,0.8403355295277353,0.0392603976701036,5
logabs,primary,LR_nostd,B_zscore,5,0.7625723938223938,0.0440318393797996,5,0.7625723938223938,0.04403183937979957,5,0.7661432980254415,0.04960312350802342,5,0.8401752522137416,0.039532717601408016,5
logabs,primary,LR_nostd,C_robust,5,0.7627171814671815,0.04273566211823924,5,0.7627171814671815,0.04273566211823921,5,0.7661009983948602,0.04893991601582045,5,0.8403744866281062,0.03947628822146025,5
logabs_rms,primary,LR_std,A_none,5,0.7578667953667954,0.0537846935710303,5,0.7578667953667952,0.053784693571030294,5,0.7632740749526216,0.06332192086389801,5,0.824648477679969,0.06231520821522429,5
logabs_rms,primary,LR_std,B_zscore,5,0.7577220077220077,0.05370435253113246,5,0.7577220077220077,0.05370435253113243,5,0.76331477440515,0.06288842461296837,5,0.824796805820575,0.0622417090256181,5
logabs_rms,primary,LR_std,C_robust,5,0.7575289575289575,0.05393114376450032,5,0.7575289575289575,0.05393114376450031,5,0.7630378955528746,0.06333706569804184,5,0.8247118106281958,0.06221497185835493,5
logabs_rms,primary,LR_nostd,A_none,5,0.7625,0.05117939744505408,5,0.7625,0.05117939744505408,5,0.7694293455602083,0.058121214825398226,5,0.8247802912710007,0.06084947387226735,5
logabs_rms,primary,LR_nostd,B_zscore,5,0.7635859073359074,0.049545243470858064,5,0.7635859073359074,0.04954524347085807,5,0.7702654930151265,0.05623461541863654,5,0.8253969548009124,0.060069922463815935,5
logabs_rms,primary,LR_nostd,C_robust,5,0.7632239382239382,0.05121586511543439,5,0.7632239382239382,0.05121586511543436,5,0.7700274604501416,0.0582039578402852,5,0.8250416474113387,0.06066917122234645,5
relative,secondary_descriptive,LR_std,A_none,5,0.7560569498069498,0.047034818524526664,5,0.7560569498069498,0.04703481852452667,5,0.755644954432363,0.04896764236056117,5,0.8308609880219437,0.04733279728371797,5
relative,secondary_descriptive,LR_std,B_zscore,5,0.7560569498069498,0.047034818524526664,5,0.7560569498069498,0.04703481852452667,5,0.755644954432363,0.04896764236056117,5,0.8308609880219437,0.04733279728371797,5
relative,secondary_descriptive,LR_std,C_robust,5,0.7560569498069498,0.047034818524526664,5,0.7560569498069498,0.04703481852452667,5,0.755644954432363,0.04896764236056117,5,0.8308609880219437,0.04733279728371797,5
relative,secondary_descriptive,LR_nostd,A_none,5,0.7535955598455598,0.049097536840437245,5,0.7535955598455597,0.04909753684043729,5,0.753997960029716,0.05427196172372125,5,0.830262516118573,0.050003792079277964,5
relative,secondary_descriptive,LR_nostd,B_zscore,5,0.7535955598455598,0.049097536840437245,5,0.7535955598455597,0.04909753684043729,5,0.753997960029716,0.05427196172372125,5,0.830262516118573,0.050003792079277964,5
relative,secondary_descriptive,LR_nostd,C_robust,5,0.7535955598455598,0.049097536840437245,5,0.7535955598455597,0.04909753684043729,5,0.753997960029716,0.05427196172372125,5,0.830262516118573,0.050003792079277964,5
